原始名称	标准名称	映射规则	频次	来源
右肺恶性肿瘤	肺恶性肿瘤	解剖方位归一	2110	admission,discharge
左肺恶性肿瘤	肺恶性肿瘤	解剖方位归一	1971	admission,discharge
恶性肿瘤终末期维持治疗	恶性肿瘤终末期	治疗状态归一	1936	admission,discharge
脑梗死	脑梗死	原始名称	1816	admission,discharge
淋巴结继发恶性肿瘤	淋巴结继发恶性肿瘤	原始名称	1731	admission,discharge
肺气肿	肺气肿	原始名称	1225	admission,discharge
骨继发恶性肿瘤	骨继发恶性肿瘤	原始名称	1212	admission,discharge
化疗后骨髓抑制	化疗后骨髓抑制	原始名称	996	admission,discharge
胸腔积液	胸腔积液	原始名称	968	admission,discharge
恶性肿瘤终末期化疗	恶性肿瘤终末期	同义词映射	910	admission,discharge
肝囊肿	肝囊肿	原始名称	875	admission,discharge
肺大疱	肺大疱	原始名称	763	admission,discharge
脑继发恶性肿瘤	脑继发恶性肿瘤	原始名称	706	admission,discharge
慢性乙型病毒性肝炎	慢性乙型病毒性肝炎	原始名称	699	admission,discharge
肺占位性病变	肺占位性病变	原始名称	634	admission,discharge
恶性肿瘤终末期靶向治疗	恶性肿瘤终末期	治疗状态归一	629	admission,discharge
慢性胃炎	慢性胃炎	原始名称	588	admission,discharge
低蛋白血症	低蛋白血症	原始名称	577	admission,discharge
肺继发恶性肿瘤	肺继发恶性肿瘤	原始名称	574	admission,discharge
脂肪肝	脂肪肝	原始名称	566	admission,discharge
肺结节病	肺结节病	原始名称	561	admission,discharge
急性髓系白血病	急性髓系白血病	原始名称	534	admission,discharge
恶性肿瘤终末期免疫治疗	恶性肿瘤终末期	治疗状态归一	494	admission,discharge
胆囊结石	胆囊结石	原始名称	445	admission,discharge
脾大	脾大	原始名称	425	admission,discharge
胆囊炎	胆囊炎	原始名称	418	admission,discharge
恶性胸腔积液	恶性胸腔积液	原始名称	398	admission,discharge
肝损伤	肝损伤	原始名称	388	admission,discharge
乳腺恶性肿瘤，外侧	乳腺恶性肿瘤	解剖方位归一	362	admission,discharge
脑萎缩	脑萎缩	原始名称	361	admission,discharge
腹腔积液	腹腔积液	原始名称	354	admission,discharge
心包积液	心包积液	原始名称	341	admission,discharge
多发性骨髓瘤	多发性骨髓瘤	原始名称	329	admission,discharge
急性白血病	急性白血病	原始名称	326	admission,discharge
慢性支气管炎	慢性支气管炎	原始名称	323	admission,discharge
重度再生障碍性贫血	重型再生障碍性贫血	同义词映射	323	admission,discharge
肝硬化	肝硬化	原始名称	316	admission,discharge
乙型病毒性肝炎	乙型病毒性肝炎	原始名称	309	admission,discharge
心律失常	心律失常	原始名称	302	admission,discharge
窦性心动过速	窦性心动过速	原始名称	296	admission,discharge
2型糖尿病	2型糖尿病	原始名称	288	admission,discharge
单纯性肾囊肿	肾囊肿	同义词映射	286	admission,discharge
慢性疼痛，其他的	慢性疼痛	基础规范化	281	admission,discharge
贲门恶性肿瘤	贲门恶性肿瘤	原始名称	276	admission,discharge
房性期前收缩[房性早搏]	房性期前收缩	基础规范化	266	admission,discharge
盆腔积液	盆腔积液	原始名称	266	admission,discharge
肺不张	肺不张	原始名称	258	admission,discharge
胃炎	胃炎	原始名称	251	admission,discharge
肝功能不全	肝功能不全	原始名称	228	admission,discharge
肾恶性肿瘤	肾恶性肿瘤	原始名称	218	admission,discharge
呼吸衰竭	呼吸衰竭	原始名称	206	admission,discharge
腰椎间盘突出	腰椎间盘突出	原始名称	201	admission,discharge
肺气肿合并肺大泡	肺气肿合并肺大疱	基础规范化	198	admission,discharge
疼痛	疼痛	原始名称	192	admission,discharge
重度贫血	贫血	同义词映射	178	admission,discharge
子宫恶性肿瘤	子宫恶性肿瘤	原始名称	177	admission,discharge
胆管恶性肿瘤	胆管恶性肿瘤	原始名称	175	admission,discharge
前列腺增生	前列腺增生	原始名称	168	admission,discharge
心力衰竭	心力衰竭	原始名称	168	admission,discharge
癫痫	癫痫	原始名称	166	admission,discharge
肾上腺继发性恶性肿瘤	肾上腺继发恶性肿瘤	同义词映射	166	admission,discharge
腹腔继发恶性肿瘤	腹腔继发恶性肿瘤	原始名称	165	admission,discharge
弥漫大B细胞淋巴瘤	弥漫大B细胞淋巴瘤	原始名称	163	admission,discharge
肾结石	肾结石	原始名称	160	admission,discharge
恶性腹水	恶性腹水	原始名称	158	admission,discharge
恶性肿瘤免疫治疗	恶性肿瘤免疫治疗	原始名称	148	admission,discharge
甲状腺功能减退症	甲状腺功能减退症	原始名称	146	admission,discharge
肾功能不全	肾功能不全	原始名称	146	admission,discharge
低钾血症	低钾血症	原始名称	138	admission,discharge
喉恶性肿瘤	喉恶性肿瘤	原始名称	138	admission,discharge
淋巴结增大	淋巴结肿大	同义词映射	137	admission,discharge
慢性阻塞性肺病	慢性阻塞性肺疾病	同义词映射	136	admission,discharge
窦性心动过缓	窦性心动过缓	原始名称	136	admission,discharge
乳腺恶性肿瘤，上部	乳腺恶性肿瘤	同义词映射	135	admission,discharge
上呼吸道感染	上呼吸道感染	原始名称	129	admission,discharge
恶性肿瘤靶向治疗	恶性肿瘤靶向治疗	原始名称	129	admission,discharge
药物性肝损害	药物性肝损伤	同义词映射	127	admission,discharge
室性期前收缩	室性期前收缩	原始名称	126	admission,discharge
胸膜继发性恶性肿瘤	胸膜继发恶性肿瘤	同义词映射	126	admission,discharge
肝占位性病变	肝占位性病变	原始名称	125	admission,discharge
子宫内膜恶性肿瘤	子宫内膜恶性肿瘤	原始名称	122	admission,discharge
消化道出血	消化道出血	原始名称	116	admission,discharge
鼻窦恶性肿瘤	鼻窦恶性肿瘤	原始名称	116	admission,discharge
胆囊恶性肿瘤	胆囊恶性肿瘤	原始名称	115	admission,discharge
中度贫血	贫血	同义词映射	111	admission,discharge
盆腔继发恶性肿瘤	盆腔继发恶性肿瘤	原始名称	108	admission,discharge
心功能不全	心力衰竭	同义词映射	105	admission,discharge
子宫切除术后状态	子宫切除术后状态	原始名称	103	admission,discharge
不完全性右束支传导阻滞	不完全性右束支传导阻滞	原始名称	101	admission,discharge
甲状腺结节	甲状腺结节	原始名称	100	admission,discharge
阻塞性肺炎	阻塞性肺炎	原始名称	100	admission,discharge
肋骨骨折	肋骨骨折	原始名称	97	admission,discharge
肺部继发性恶性肿瘤	肺继发恶性肿瘤	解剖方位归一	97	admission,discharge
腹膜继发恶性肿瘤	腹膜继发恶性肿瘤	原始名称	92	admission,discharge
肠梗阻	肠梗阻	原始名称	90	admission,discharge
上颌窦炎	上颌窦炎	原始名称	87	admission,discharge
输尿管恶性肿瘤	输尿管恶性肿瘤	原始名称	87	admission,discharge
胃肠道恶性肿瘤	胃肠道恶性肿瘤	原始名称	86	admission,discharge
幽门螺旋杆菌感染	幽门螺旋杆菌感染	原始名称	84	admission,discharge
心动过速	心动过速	原始名称	84	admission,discharge
慢性骨髓增生性疾病	骨髓增殖性肿瘤	同义词映射	84	admission,discharge
脾继发恶性肿瘤	脾继发恶性肿瘤	原始名称	84	admission,discharge
高血压病3级(极高危)	高血压3级	同义词映射	84	admission,discharge
慢性粒细胞性白血病	慢性粒细胞白血病	同义词映射	79	admission,discharge
肝部继发性恶性肿瘤	肝继发恶性肿瘤	解剖方位归一	79	admission,discharge
下肢静脉血栓形成	下肢静脉血栓形成	原始名称	78	admission,discharge
窦性心律失常	窦性心律失常	原始名称	78	admission,discharge
低钠血症	低钠血症	原始名称	77	admission,discharge
心房颤动	心房颤动	原始名称	77	admission,discharge
双肺恶性肿瘤	双肺恶性肿瘤	原始名称	76	admission,discharge
支气管或肺恶性肿瘤	肺恶性肿瘤	同义词映射	76	admission,discharge
非霍奇金淋巴瘤	非霍奇金淋巴瘤	原始名称	75	admission,discharge
高血压3级	高血压3级	原始名称	74	admission,discharge
陈旧性肺结核	陈旧性肺结核	原始名称	72	admission,discharge
原发性骨髓纤维化	原发性骨髓纤维化	原始名称	71	admission,discharge
慢性浅表性胃炎	慢性胃炎	同义词映射	71	admission,discharge
肝血管瘤	肝血管瘤	原始名称	70	admission,discharge
肾性贫血	肾性贫血	原始名称	69	admission,discharge
先天性肺大泡	先天性肺大疱	基础规范化	68	discharge
恶性肿瘤内分泌治疗	恶性肿瘤内分泌治疗	原始名称	68	admission,discharge
恶性肿瘤终末期放疗	恶性肿瘤终末期	同义词映射	68	admission,discharge
末梢神经病[末梢神经炎]	末梢神经病	基础规范化	68	admission,discharge
支气管扩张伴感染	支气管扩张伴感染	原始名称	67	admission,discharge
颈椎病	颈椎病	原始名称	67	admission,discharge
慢性丙型病毒性肝炎	慢性丙型病毒性肝炎	原始名称	66	admission,discharge
电解质代谢紊乱	电解质紊乱	同义词映射	66	admission,discharge
肾继发恶性肿瘤	肾继发恶性肿瘤	原始名称	66	admission,discharge
腹部恶性肿瘤	腹部恶性肿瘤	原始名称	66	admission,discharge
大网膜继发恶性肿瘤	大网膜继发恶性肿瘤	原始名称	65	admission,discharge
支气管扩张(症)	支气管扩张	基础规范化	65	admission,discharge
溶血性贫血	溶血性贫血	原始名称	64	admission,discharge
恶病质	恶病质	原始名称	63	admission,discharge
食管贲门连接处恶性肿瘤	胃食管连接处恶性肿瘤	解剖方位归一	63	admission,discharge
骨恶性肿瘤	骨恶性肿瘤	原始名称	61	admission,discharge
后天性肾囊肿	肾囊肿	同义词映射	60	admission,discharge
恶性肿瘤放射性粒子置入治疗	恶性肿瘤放射治疗	同义词映射	60	admission,discharge
无症状心肌缺血	心肌缺血	同义词映射	59	admission,discharge
颈椎恶性肿瘤	颈椎恶性肿瘤	原始名称	59	admission,discharge
原发性血小板减少症	原发性血小板减少症	原始名称	58	admission,discharge
心房颤动[心房纤颤]	心房颤动	基础规范化	58	admission,discharge
升结肠恶性肿瘤	结肠恶性肿瘤	解剖方位归一	57	admission,discharge
梗阻性黄疸	梗阻性黄疸	原始名称	57	admission,discharge
腔隙性脑梗死	脑梗死	同义词映射	57	admission,discharge
陈旧性心肌梗死	陈旧性心肌梗死	原始名称	57	admission,discharge
恶性黑色素瘤	恶性黑色素瘤	原始名称	56	admission,discharge
白细胞减少	白细胞减少	原始名称	56	admission,discharge
慢性淋巴细胞白血病	慢性淋巴细胞白血病	原始名称	54	admission,discharge
腹膜后继发恶性肿瘤	腹膜后继发恶性肿瘤	原始名称	54	admission,discharge
乳腺增生	乳腺增生	原始名称	52	admission,discharge
双侧乳腺恶性肿瘤	双侧乳腺恶性肿瘤	原始名称	52	admission,discharge
脑膜继发恶性肿瘤	脑膜继发恶性肿瘤	原始名称	52	admission,discharge
滤泡性淋巴瘤	滤泡性淋巴瘤	原始名称	51	admission,discharge
肾占位性病变	肾占位性病变	原始名称	51	admission,discharge
胃息肉	胃息肉	原始名称	50	admission,discharge
肺肿物	肺占位性病变	同义词映射	49	admission,discharge
上腔静脉综合征	上腔静脉综合征	原始名称	48	admission,discharge
下肢静脉曲张	下肢静脉曲张	原始名称	48	admission,discharge
反流性食管炎	反流性食管炎	原始名称	48	admission,discharge
不稳定型心绞痛	不稳定型心绞痛	原始名称	47	admission,discharge
呼吸困难	呼吸困难	原始名称	47	admission,discharge
胆囊切除术后状态	胆囊切除术后状态	原始名称	47	admission,discharge
胆管扩张	胆管扩张	原始名称	47	admission,discharge
恶性肿瘤维持性化学治疗	恶性肿瘤化学治疗	治疗状态归一	46	admission,discharge
纵隔恶性肿瘤	纵隔恶性肿瘤	原始名称	46	admission,discharge
感染性发热	感染性发热	原始名称	45	admission,discharge
筛窦炎	筛窦炎	原始名称	45	admission,discharge
舌恶性肿瘤	舌恶性肿瘤	原始名称	45	admission,discharge
阑尾炎	阑尾炎	原始名称	45	admission,discharge
骨髓增生异常性贫血	骨髓增生异常综合征	同义词映射	45	admission,discharge
心功能Ⅲ级	心功能Ⅲ级	原始名称	44	admission,discharge
白内障	白内障	原始名称	43	admission,discharge
皮肤恶性肿瘤	皮肤恶性肿瘤	原始名称	43	admission,discharge
胆囊占位性病变	胆囊占位性病变	原始名称	43	admission,discharge
腹腔淋巴结肿大	腹腔淋巴结肿大	原始名称	43	admission,discharge
骨髓抑制	骨髓抑制	原始名称	43	admission,discharge
局部淋巴结肿大	淋巴结肿大	同义词映射	42	admission,discharge
左前分支传导阻滞	左前分支传导阻滞	原始名称	42	admission,discharge
恶性肿瘤	恶性肿瘤	原始名称	42	admission,discharge
肝胆管恶性肿瘤	肝胆管恶性肿瘤	原始名称	42	admission,discharge
阵发性睡眠性血红蛋白尿	阵发性睡眠性血红蛋白尿	原始名称	42	admission,discharge
前列腺囊肿	前列腺囊肿	原始名称	41	admission,discharge
化疗后恢复期	化疗后恢复期	原始名称	41	admission,discharge
电解质紊乱	电解质紊乱	原始名称	41	admission,discharge
腋窝淋巴结继发恶性肿瘤	腋窝淋巴结继发恶性肿瘤	原始名称	41	admission,discharge
完全性右束支传导阻滞	完全性右束支传导阻滞	原始名称	40	admission,discharge
脑占位性病变	脑占位性病变	原始名称	40	admission,discharge
精神分裂症	精神分裂症	原始名称	39	admission,discharge
糜烂性胃炎	糜烂性胃炎	原始名称	39	admission,discharge
肿瘤性病理性骨折	病理性骨折	同义词映射	39	admission,discharge
乙状结肠恶性肿瘤	乙状结肠恶性肿瘤	原始名称	38	admission,discharge
前列腺炎	前列腺炎	原始名称	38	admission,discharge
慢性肺源性心脏病	肺源性心脏病	同义词映射	37	admission,discharge
慢性阻塞性肺疾病I级	慢性阻塞性肺疾病	同义词映射	37	discharge
放射性肺炎	放射性肺炎	原始名称	37	admission,discharge
脑出血后遗症	脑出血后遗症	原始名称	37	admission,discharge
认知障碍	认知障碍	原始名称	37	admission,discharge
食管炎	食管炎	原始名称	37	admission,discharge
十二指肠恶性肿瘤	十二指肠恶性肿瘤	原始名称	36	admission,discharge
干燥综合征性中枢神经损害	干燥综合征性中枢神经损害	原始名称	36	admission,discharge
淋巴结恶性肿瘤	淋巴结恶性肿瘤	原始名称	36	admission,discharge
肺真菌感染	肺真菌感染	原始名称	36	admission,discharge
血糖升高	高血糖	同义词映射	36	admission,discharge
银屑病	银屑病	原始名称	36	admission,discharge
静脉血栓形成	静脉血栓形成	原始名称	36	admission,discharge
骨质破坏	骨质破坏	原始名称	36	admission,discharge
肺水肿	肺水肿	原始名称	35	admission,discharge
颈椎间盘突出	颈椎间盘突出	原始名称	35	admission,discharge
横结肠恶性肿瘤	结肠恶性肿瘤	解剖方位归一	34	admission,discharge
特发性血小板减少性紫癜	特发性血小板减少性紫癜	原始名称	34	admission,discharge
轻度贫血	贫血	同义词映射	34	admission,discharge
颈部淋巴结继发恶性肿瘤	颈部淋巴结继发恶性肿瘤	原始名称	34	admission,discharge
食管胃连接处恶性肿瘤	食管胃连接处恶性肿瘤	原始名称	34	admission,discharge
甲状腺功能亢进症	甲状腺功能亢进症	原始名称	33	admission,discharge
类风湿性关节炎	类风湿关节炎	同义词映射	33	admission,discharge
胰腺恶性肿瘤个人史	胰腺恶性肿瘤个人史	原始名称	33	admission,discharge
高脂血症	高脂血症	原始名称	33	admission,discharge
鼻咽恶性肿瘤	鼻咽恶性肿瘤	原始名称	33	admission,discharge
慢性骨髓增殖性疾病	慢性骨髓增殖性疾病	原始名称	32	admission,discharge
泌尿道感染	泌尿道感染	原始名称	32	admission,discharge
胃肠功能紊乱	胃肠功能紊乱	原始名称	32	admission,discharge
陈旧性脑梗死	脑梗死	同义词映射	32	admission,discharge
宫颈囊肿	宫颈囊肿	原始名称	31	admission,discharge
间质性肺炎	间质性肺炎	原始名称	31	admission,discharge
高血压2级	高血压2级	原始名称	31	admission,discharge
后循环缺血	后循环缺血	原始名称	30	admission,discharge
房室传导阻滞	房室传导阻滞	原始名称	30	admission,discharge
纵隔淋巴结肿大	纵隔淋巴结肿大	原始名称	30	admission,discharge
脑水肿	脑水肿	原始名称	30	admission,discharge
食管肿物	食管肿物	原始名称	30	admission,discharge
慢性阻塞性肺病伴有急性加重	慢性阻塞性肺疾病急性加重	同义词映射	29	admission,discharge
涎腺肿物	涎腺肿物	原始名称	29	admission,discharge
脾囊肿	脾囊肿	原始名称	29	admission,discharge
风湿性心脏病	风湿性心脏病	原始名称	29	admission,discharge
上消化道出血	上消化道出血	原始名称	28	admission,discharge
白血病	白血病	原始名称	28	admission,discharge
肾盂恶性肿瘤	肾盂恶性肿瘤	原始名称	28	admission,discharge
胃溃疡	胃溃疡	原始名称	28	admission,discharge
颅内占位性病变	颅内占位性病变	原始名称	28	admission,discharge
慢性气管炎	慢性支气管炎	同义词映射	27	admission,discharge
支气管炎	支气管炎	原始名称	27	admission,discharge
皮肤感染	皮肤感染	原始名称	27	admission,discharge
纯红细胞再生障碍性贫血	纯红细胞再生障碍	同义词映射	27	admission,discharge
肺结核	肺结核	原始名称	27	admission,discharge
鼻窦炎	鼻窦炎	原始名称	27	admission,discharge
纵隔继发性恶性肿瘤	纵隔继发恶性肿瘤	同义词映射	26	admission,discharge
肺恶性肿瘤个人史	肺恶性肿瘤个人史	原始名称	26	admission,discharge
肾上腺恶性肿瘤	肾上腺恶性肿瘤	原始名称	26	admission,discharge
肾积水伴输尿管狭窄	肾积水伴输尿管狭窄	原始名称	26	admission,discharge
胃占位性病变	胃占位性病变	原始名称	26	admission,discharge
蛛网膜下出血	蛛网膜下腔出血	同义词映射	26	admission,discharge
乳腺术后	乳腺术后	原始名称	25	admission,discharge
儿童难治性血细胞减少	儿童难治性血细胞减少	原始名称	25	admission,discharge
右束支传导阻滞	右束支传导阻滞	原始名称	25	admission,discharge
周围性面神经麻痹	面神经炎	同义词映射	25	admission,discharge
肝衰竭	肝衰竭	原始名称	25	admission,discharge
肠道感染	肠道感染	原始名称	25	admission,discharge
胰腺占位性病变	胰腺占位性病变	原始名称	25	admission,discharge
过敏性紫癜	过敏性紫癜	原始名称	25	admission,discharge
锁骨上淋巴结继发恶性肿瘤	锁骨上淋巴结继发恶性肿瘤	原始名称	25	admission,discharge
为肿瘤化学治疗疗程	恶性肿瘤化学治疗	同义词映射	24	admission,discharge
子宫内膜癌	子宫内膜恶性肿瘤	同义词映射	24	admission
结肠息肉	结肠息肉	原始名称	24	admission,discharge
肺门淋巴结肿大	肺门淋巴结肿大	原始名称	24	admission,discharge
贫血性心脏病	贫血性心脏病	原始名称	24	admission,discharge
食管气管瘘	食管气管瘘	原始名称	24	admission,discharge
前列腺肿瘤	前列腺肿瘤	原始名称	23	admission,discharge
多发性脑梗死	脑梗死	同义词映射	23	admission,discharge
心功能Ⅳ级	心功能Ⅳ级	原始名称	23	discharge
恶性胃肠道间质性瘤	胃肠道间质瘤	同义词映射	23	admission,discharge
盆腔淋巴结肿大	盆腔淋巴结肿大	原始名称	23	admission,discharge
腮腺恶性肿瘤个人史	腮腺恶性肿瘤个人史	原始名称	23	admission,discharge
腰椎骨折	腰椎骨折	原始名称	23	admission,discharge
腹腔肿瘤	腹腔肿瘤	原始名称	23	admission,discharge
骨肉瘤	骨肉瘤	原始名称	23	admission
双侧卵巢切除术后状态	双侧卵巢切除术后状态	原始名称	22	admission,discharge
子宫继发恶性肿瘤	子宫继发恶性肿瘤	原始名称	22	admission,discharge
巨幼细胞性贫血	巨幼细胞性贫血	原始名称	22	admission,discharge
带状疱疹后遗症	带状疱疹后遗症	原始名称	22	admission,discharge
肝硬化失代偿期	肝硬化失代偿期	原始名称	22	admission,discharge
肝细胞癌	肝细胞癌	原始名称	22	admission,discharge
舌根恶性肿瘤	舌恶性肿瘤	同义词映射	22	admission,discharge
贲门术后	贲门术后	原始名称	22	admission,discharge
骨髓增生异常性/骨髓增殖性肿瘤(不能分型)	骨髓增生异常性/骨髓增殖性肿瘤	基础规范化	22	admission,discharge
高血压病3级(高危)	高血压3级	同义词映射	22	admission,discharge
心绞痛	心绞痛	原始名称	21	admission,discharge
急性肝功能衰竭	急性肝衰竭	同义词映射	21	admission,discharge
牙龈出血	牙龈出血	原始名称	21	admission,discharge
肝胆管扩张	肝胆管扩张	原始名称	21	admission,discharge
腹股沟恶性黑色素瘤	恶性黑色素瘤	同义词映射	21	admission,discharge
陈旧性肋骨骨折	肋骨骨折	同义词映射	21	admission,discharge
乳突炎	乳突炎	原始名称	20	admission,discharge
低血压	低血压	原始名称	20	admission,discharge
十二指肠憩室	十二指肠憩室	原始名称	20	admission,discharge
卵巢囊肿	卵巢囊肿	原始名称	20	admission,discharge
口腔恶性肿瘤个人史	口腔恶性肿瘤个人史	原始名称	20	admission,discharge
尿道炎	尿道炎	原始名称	20	admission,discharge
胃淋巴瘤	胃淋巴瘤	原始名称	20	admission,discharge
胃食管连接部继发恶性肿瘤	胃食管连接处恶性肿瘤	解剖方位归一	20	admission,discharge
胆管占位性病变	胆管占位性病变	原始名称	20	admission,discharge
脑动脉供血不足	脑动脉供血不足	原始名称	20	admission,discharge
上颌窦囊肿	上颌窦囊肿	原始名称	19	admission,discharge
低钙血症	低钙血症	原始名称	19	discharge
凝血功能异常	凝血功能异常	原始名称	19	admission,discharge
创伤性腰椎病	创伤性腰椎病	原始名称	19	discharge
局限性淋巴结增大	淋巴结肿大	同义词映射	19	admission,discharge
气管炎	支气管炎	同义词映射	19	admission,discharge
睾丸恶性肿瘤	睾丸恶性肿瘤	原始名称	19	admission,discharge
胸壁继发恶性肿瘤	胸壁继发恶性肿瘤	原始名称	19	admission,discharge
隐匿性冠状动脉粥样硬化性心脏病	冠状动脉粥样硬化性心脏病	同义词映射	19	discharge
高钾血症	高钾血症	原始名称	19	admission,discharge
关节炎	关节炎	原始名称	18	admission,discharge
冠状动脉粥样硬化	冠状动脉粥样硬化	原始名称	18	discharge
皮下继发恶性肿瘤	皮下继发恶性肿瘤	原始名称	18	admission,discharge
结肠继发恶性肿瘤	结肠继发恶性肿瘤	原始名称	18	admission,discharge
肠炎	肠炎	原始名称	18	admission,discharge
胆囊息肉	胆囊息肉	原始名称	18	admission,discharge
膀胱继发恶性肿瘤	膀胱继发恶性肿瘤	原始名称	18	admission,discharge
药物性股骨头坏死	药物性股骨头坏死	原始名称	18	discharge
中耳炎	中耳炎	原始名称	17	admission,discharge
反流性胃炎	反流性胃炎	原始名称	17	admission,discharge
左束支传导阻滞	左束支传导阻滞	原始名称	17	admission,discharge
慢性粒单核细胞性白血病	慢性粒单核细胞白血病	同义词映射	17	admission,discharge
支原体感染	支原体感染	原始名称	17	admission,discharge
真性红细胞增多症	真性红细胞增多症	原始名称	17	admission,discharge
肝硬化伴食管胃底静脉曲张	肝硬化伴食管胃底静脉曲张	原始名称	17	admission,discharge
肝肾功能衰竭	肝肾功能衰竭	原始名称	17	admission,discharge
肝肿物	肝占位性病变	同义词映射	17	admission,discharge
肿瘤化疗个人史	肿瘤化疗个人史	原始名称	17	admission,discharge
胸椎骨折	胸椎骨折	原始名称	17	admission,discharge
脊髓灰质炎的后遗症	脊髓灰质炎后遗症	同义词映射	17	discharge
脓毒血症	脓毒症	同义词映射	17	discharge
腹腔感染	腹腔感染	原始名称	17	admission,discharge
软组织恶性肿瘤	软组织恶性肿瘤	原始名称	17	admission,discharge
Ⅰ度房室传导阻滞	Ⅰ度房室传导阻滞	原始名称	16	admission,discharge
下肢恶性肿瘤	下肢恶性肿瘤	原始名称	16	admission,discharge
冠状动脉性心脏病	冠状动脉粥样硬化性心脏病	同义词映射	16	admission,discharge
慢性前列腺炎	慢性前列腺炎	原始名称	16	discharge
纵隔肿瘤	纵隔肿瘤	原始名称	16	admission,discharge
肌肉继发恶性肿瘤	肌肉继发恶性肿瘤	原始名称	16	admission,discharge
肾损伤	肾损伤	原始名称	16	admission,discharge
胰腺继发恶性肿瘤	胰腺继发恶性肿瘤	原始名称	16	admission,discharge
衣原体感染	衣原体感染	原始名称	16	admission,discharge
高尿酸血症	高尿酸血症	原始名称	16	admission,discharge
高血压1级	高血压1级	原始名称	16	discharge
高血压病2级(极高危)	高血压2级	同义词映射	16	admission,discharge
鼻咽原位癌	鼻咽原位癌	原始名称	16	admission,discharge
T淋巴母细胞白血病/淋巴瘤	T淋巴母细胞白血病/淋巴瘤	原始名称	15	admission,discharge
不完全性肠梗阻	不完全性肠梗阻	原始名称	15	admission,discharge
休克	休克	原始名称	15	admission,discharge
口腔恶性肿瘤	口腔恶性肿瘤	原始名称	15	admission,discharge
口腔感染	口腔感染	原始名称	15	admission,discharge
子宫腺肌病	子宫腺肌病	原始名称	15	admission,discharge
心功能Ⅱ级	心功能Ⅱ级	原始名称	15	admission,discharge
慢性阻塞性肺疾病III级	慢性阻塞性肺疾病	同义词映射	15	discharge
放射性肠炎	放射性肠炎	原始名称	15	admission,discharge
肝性脑病	肝性脑病	原始名称	15	admission,discharge
胰管扩张	胰管扩张	原始名称	15	admission,discharge
胸椎继发恶性肿瘤	胸椎继发恶性肿瘤	原始名称	15	admission,discharge
胸腺恶性肿瘤	胸腺恶性肿瘤	原始名称	15	admission,discharge
血小板减少性紫癜	血小板减少性紫癜	原始名称	15	admission,discharge
血小板增多	血小板增多	原始名称	15	admission,discharge
鼻出血	鼻出血	原始名称	15	admission,discharge
T-细胞淋巴瘤	T细胞淋巴瘤	同义词映射	14	admission,discharge
乙肝后肝硬化	乙型肝炎肝硬化	同义词映射	14	admission,discharge
咯血	咯血	原始名称	14	discharge
急性单核细胞白血病	急性单核细胞白血病	原始名称	14	admission,discharge
慢性粒细胞性白血病，急淋变	慢性粒细胞白血病	同义词映射	14	admission,discharge
慢性胆囊炎	慢性胆囊炎	原始名称	14	admission,discharge
放射性食管炎	放射性食管炎	原始名称	14	discharge
烟雾病	烟雾病	原始名称	14	admission,discharge
眼恶性肿瘤	眼恶性肿瘤	原始名称	14	admission,discharge
系统性红斑狼疮	系统性红斑狼疮	原始名称	14	admission,discharge
继发性骨髓纤维化	继发性骨髓纤维化	原始名称	14	admission,discharge
肋骨继发恶性肿瘤	肋骨继发恶性肿瘤	原始名称	14	admission,discharge
肝内胆管癌	肝内胆管癌	原始名称	14	admission,discharge
肠道恶性肿瘤	肠道恶性肿瘤	原始名称	14	admission,discharge
肾积水伴肾结石	肾积水伴肾结石	原始名称	14	admission,discharge
脂肪瘤	脂肪瘤	原始名称	14	admission,discharge
腹膜后淋巴结继发恶性肿瘤	腹膜后淋巴结继发恶性肿瘤	原始名称	14	admission,discharge
锁骨骨折	锁骨骨折	原始名称	14	admission,discharge
阴囊继发恶性肿瘤	阴囊继发恶性肿瘤	原始名称	14	admission,discharge
EB病毒感染	EB病毒感染	原始名称	13	admission,discharge
下肢血栓性静脉炎	血栓性静脉炎	同义词映射	13	admission,discharge
下颌恶性肿瘤	下颌恶性肿瘤	原始名称	13	admission,discharge
低氯血症	低氯血症	原始名称	13	admission,discharge
免疫球蛋白缺乏	免疫球蛋白缺乏	原始名称	13	admission,discharge
冠状动脉支架植入后状态	冠状动脉支架植入术后状态	同义词映射	13	admission,discharge
口腔肿瘤	口腔肿瘤	原始名称	13	admission,discharge
慢性粒单核细胞白血病	慢性粒单核细胞白血病	原始名称	13	admission,discharge
慢性结肠炎	慢性结肠炎	原始名称	13	admission,discharge
慢性食管炎	食管炎	同义词映射	13	discharge
放疗后骨髓抑制	放疗后骨髓抑制	原始名称	13	discharge
症状性癫痫[继发性癫痫]	症状性癫痫	基础规范化	13	admission,discharge
直肠占位性病变	直肠占位性病变	原始名称	13	admission,discharge
精神病个人史	精神病个人史	原始名称	13	discharge
结肠占位性病变	结肠占位性病变	原始名称	13	admission,discharge
脑内出血	脑出血	同义词映射	13	admission,discharge
门静脉高压	门静脉高压	原始名称	13	admission,discharge
阴道继发恶性肿瘤	阴道继发恶性肿瘤	原始名称	13	admission,discharge
下腔静脉血栓形成	下腔静脉血栓形成	原始名称	12	admission,discharge
下颌骨恶性肿瘤	下颌骨恶性肿瘤	原始名称	12	admission,discharge
中枢神经系统白血病	中枢神经系统白血病	原始名称	12	admission,discharge
乙型肝炎后肝硬化失代偿期	乙型肝炎后肝硬化失代偿期	原始名称	12	admission,discharge
乳头炎	乳头炎	原始名称	12	admission,discharge
冠心病心律失常型	冠状动脉粥样硬化性心脏病	同义词映射	12	discharge
咳嗽变异性哮喘	咳嗽变异性哮喘	原始名称	12	discharge
多囊肾	多囊肾	原始名称	12	discharge
心肌梗死	心肌梗死	原始名称	12	admission,discharge
恶性肿瘤化学治疗后恢复期	恶性肿瘤化学治疗后恢复期	原始名称	12	admission,discharge
截瘫	截瘫	原始名称	12	admission,discharge
拒尊医嘱并离院	拒绝医疗后离院	同义词映射	12	discharge
牙龈恶性肿瘤	牙龈恶性肿瘤	原始名称	12	admission,discharge
病毒性肺炎	病毒性肺炎	原始名称	12	admission,discharge
白细胞增多症	白细胞增多症	原始名称	12	admission,discharge
真菌感染	真菌感染	原始名称	12	admission,discharge
纵隔淋巴结继发恶性肿瘤	纵隔淋巴结继发恶性肿瘤	原始名称	12	admission,discharge
肝静脉血栓形成	肝静脉血栓形成	原始名称	12	discharge
肺脓肿伴有肺炎	肺脓肿	同义词映射	12	admission,discharge
肾炎	肾炎	原始名称	12	admission,discharge
胆石症	胆石症	原始名称	12	discharge
腹腔淋巴瘤	腹腔淋巴瘤	原始名称	12	admission,discharge
腹腔淋巴结继发恶性肿瘤	腹腔淋巴结继发恶性肿瘤	原始名称	12	admission,discharge
输尿管继发恶性肿瘤	输尿管继发恶性肿瘤	原始名称	12	admission,discharge
颊部恶性肿瘤	颊部恶性肿瘤	原始名称	12	admission,discharge
风湿性关节炎	风湿性关节炎	原始名称	12	admission,discharge
前庭大腺囊肿	前庭大腺囊肿	原始名称	11	admission,discharge
原发性血小板增多症	原发性血小板增多症	原始名称	11	admission,discharge
哮喘	支气管哮喘	同义词映射	11	discharge
子宫腔积液	子宫腔积液	原始名称	11	admission,discharge
小肠恶性肿瘤	小肠恶性肿瘤	原始名称	11	admission,discharge
急性胰腺炎	急性胰腺炎	原始名称	11	admission,discharge
慢性粒细胞性白血病(急性变)	慢性粒细胞白血病	同义词映射	11	admission,discharge
慢性粒细胞白血病(加速期)	慢性粒细胞白血病	基础规范化	11	admission,discharge
眩晕	眩晕	原始名称	11	admission,discharge
结缔组织病	结缔组织病	原始名称	11	discharge
胃食管反流	胃食管反流病	同义词映射	11	admission,discharge
腮腺肿瘤	腮腺肿瘤	原始名称	11	admission,discharge
腹泻	腹泻	原始名称	11	admission,discharge
腹膜后恶性肿瘤	腹膜后恶性肿瘤	原始名称	11	admission,discharge
蝶窦炎	蝶窦炎	原始名称	11	admission,discharge
门静脉瘤栓	门静脉瘤栓	原始名称	11	admission,discharge
颈淋巴结肿大	颈部淋巴结肿大	同义词映射	11	admission,discharge
额部皮肤恶性肿瘤	皮肤恶性肿瘤	同义词映射	11	admission,discharge
高血压病1级(高危)	高血压1级	同义词映射	11	admission,discharge
高血压病2级(高危)	高血压2级	同义词映射	11	admission,discharge
劳力性心绞痛	劳力性心绞痛	原始名称	10	admission,discharge
十二指肠球部溃疡	十二指肠溃疡	同义词映射	10	admission,discharge
卵巢肿瘤	卵巢肿瘤	原始名称	10	discharge
口腔肿物	口腔占位性病变	同义词映射	10	admission,discharge
复杂性尿路感染	复杂性尿路感染	原始名称	10	admission,discharge
子宫内膜样腺癌	子宫内膜样腺癌	原始名称	10	admission,discharge
子宫囊肿	子宫囊肿	原始名称	10	discharge
心动过缓	心动过缓	原始名称	10	admission,discharge
急性骨髓纤维化	急性骨髓纤维化	原始名称	10	admission,discharge
手术后恶性肿瘤化学治疗	恶性肿瘤化学治疗	治疗状态归一	10	discharge
盆腔恶性肿瘤	盆腔恶性肿瘤	原始名称	10	admission,discharge
股骨颈骨折	股骨颈骨折	原始名称	10	admission,discharge
肺源性心脏病	肺源性心脏病	原始名称	10	admission,discharge
胃下垂	胃下垂	原始名称	10	discharge
胰恶性肿瘤	胰恶性肿瘤	原始名称	10	admission,discharge
胸部恶性肿瘤	胸部恶性肿瘤	原始名称	10	admission,discharge
脑出血个人史	脑出血个人史	原始名称	10	admission,discharge
脑梗死后遗症	脑梗死后遗症	原始名称	10	admission,discharge
脑胶质细胞增生	脑胶质细胞增生	原始名称	10	admission,discharge
营养不良	营养不良	原始名称	10	admission,discharge
贲门胃底恶性肿瘤	贲门恶性肿瘤	解剖方位归一	10	admission,discharge
足部恶性黑色素瘤	恶性黑色素瘤	同义词映射	10	admission,discharge
输尿管扩张	输尿管扩张	原始名称	10	admission,discharge
阴茎恶性肿瘤	阴茎恶性肿瘤	原始名称	10	admission,discharge
颈淋巴瘤	颈淋巴瘤	原始名称	10	admission,discharge
食管裂孔疝	食管裂孔疝	原始名称	10	admission,discharge
丙型肝炎肝硬化	丙型肝炎肝硬化	原始名称	9	admission,discharge
乳腺恶性肿瘤，下部	乳腺恶性肿瘤	同义词映射	9	admission,discharge
双侧腹股沟疝	腹股沟疝	同义词映射	9	admission
吞咽困难	吞咽困难	原始名称	9	admission,discharge
基底节脑梗死	脑梗死	同义词映射	9	admission,discharge
小脑萎缩	小脑萎缩	原始名称	9	discharge
平滑肌肉瘤	平滑肌肉瘤	原始名称	9	admission,discharge
支气管肺炎	支气管肺炎	原始名称	9	admission,discharge
束支传导阻滞	束支传导阻滞	原始名称	9	admission,discharge
癫痫持续状态	癫痫持续状态	原始名称	9	admission,discharge
盆腔淋巴结继发恶性肿瘤	盆腔淋巴结继发恶性肿瘤	原始名称	9	admission,discharge
胃穿孔	胃穿孔	原始名称	9	admission,discharge
胸膜肥厚	胸膜肥厚	原始名称	9	admission,discharge
脑动脉狭窄	脑动脉狭窄	原始名称	9	admission,discharge
腮腺恶性肿瘤	腮腺恶性肿瘤	原始名称	9	admission,discharge
腹壁肿物	腹壁占位性病变	同义词映射	9	admission,discharge
荨麻疹	荨麻疹	原始名称	9	admission,discharge
髋关节置换术后	髋关节置换术后状态	同义词映射	9	admission,discharge
鼻咽恶性肿瘤个人史	鼻咽恶性肿瘤个人史	原始名称	9	admission,discharge
上颌骨恶性肿瘤	上颌骨恶性肿瘤	原始名称	8	admission,discharge
丙型肝炎病毒携带者	丙型肝炎病毒携带者	原始名称	8	admission,discharge
十二指肠球炎	十二指肠球炎	原始名称	8	admission,discharge
单侧腹股沟疝	腹股沟疝	同义词映射	8	admission,discharge
双侧大脑动脉狭窄	脑动脉狭窄	同义词映射	8	admission,discharge
大细胞髓母细胞瘤	大细胞髓母细胞瘤	原始名称	8	admission,discharge
头痛	头痛	原始名称	8	admission,discharge
女性更年期综合征	更年期综合征	同义词映射	8	discharge
子宫肿物	子宫肿物	原始名称	8	admission,discharge
宫颈术后	宫颈术后	原始名称	8	admission,discharge
急性胃肠炎	急性胃肠炎	原始名称	8	admission,discharge
急性髓样白血病	急性髓系白血病	同义词映射	8	admission,discharge
恶性肿瘤介入治疗	恶性肿瘤介入治疗	原始名称	8	admission,discharge
慢性阻塞性肺疾病II级	慢性阻塞性肺疾病	同义词映射	8	admission,discharge
枕骨恶性肿瘤	枕骨恶性肿瘤	原始名称	8	admission,discharge
椎间盘突出	椎间盘突出	原始名称	8	admission,discharge
液气胸	液气胸	原始名称	8	discharge
白细胞增多	白细胞增多	原始名称	8	admission,discharge
直肠乙状结肠交界处肿瘤	直肠乙状结肠交界处肿瘤	原始名称	8	admission,discharge
直肠炎	直肠炎	原始名称	8	admission,discharge
直肠继发恶性肿瘤	直肠继发恶性肿瘤	原始名称	8	admission,discharge
粒细胞缺乏	粒细胞缺乏	原始名称	8	admission,discharge
纵隔肿物	纵隔占位性病变	同义词映射	8	admission,discharge
肝炎后肝硬化	肝炎后肝硬化	原始名称	8	admission,discharge
肝门淋巴结继发恶性肿瘤	肝门淋巴结继发恶性肿瘤	原始名称	8	admission,discharge
肠系膜继发恶性肿瘤	肠系膜继发恶性肿瘤	原始名称	8	admission,discharge
股骨头缺血性坏死	股骨头缺血性坏死	原始名称	8	admission,discharge
股骨骨折	股骨骨折	原始名称	8	discharge
肺炎支原体性肺炎	支原体肺炎	同义词映射	8	admission,discharge
肺间质纤维化	肺间质纤维化	原始名称	8	discharge
肾衰竭	肾衰竭	原始名称	8	discharge
肾静脉栓塞	肾静脉栓塞	原始名称	8	discharge
胰腺肿物	胰腺占位性病变	同义词映射	8	admission,discharge
胸腺肿瘤	胸腺肿瘤	原始名称	8	discharge
脑血管病	脑血管病	原始名称	8	admission,discharge
腰椎继发恶性肿瘤	腰椎继发恶性肿瘤	原始名称	8	admission,discharge
腹膜后淋巴结肿大	腹膜后淋巴结肿大	原始名称	8	discharge
萎缩性胃炎	萎缩性胃炎	原始名称	8	discharge
重型地中海贫血	重型地中海贫血	原始名称	8	admission,discharge
阵发性心房颤动	心房颤动	同义词映射	8	admission,discharge
霍奇金病	霍奇金淋巴瘤	同义词映射	8	admission,discharge
颅内恶性肿瘤	颅内恶性肿瘤	原始名称	8	admission,discharge
颈椎继发恶性肿瘤	颈椎继发恶性肿瘤	原始名称	8	admission,discharge
颈部恶性肿瘤	颈部恶性肿瘤	原始名称	8	admission,discharge
颊粘膜原位癌	颊黏膜原位癌	基础规范化	8	admission,discharge
鼻窦继发恶性肿瘤	鼻窦继发恶性肿瘤	原始名称	8	admission,discharge
I型呼吸衰竭	I型呼吸衰竭	原始名称	7	admission,discharge
乳腺恶性肿瘤，内侧	乳腺恶性肿瘤	同义词映射	7	admission,discharge
乳腺继发恶性肿瘤	乳腺继发恶性肿瘤	原始名称	7	admission,discharge
凝血功能障碍	凝血功能障碍	原始名称	7	admission,discharge
喉原位癌	喉原位癌	原始名称	7	admission,discharge
地中海贫血	地中海贫血	原始名称	7	admission,discharge
循环衰竭	循环衰竭	原始名称	7	discharge
感染性休克	感染性休克	原始名称	7	admission,discharge
慢性子宫炎	宫颈炎	同义词映射	7	admission,discharge
慢性病毒性肝炎	慢性病毒性肝炎	原始名称	7	admission,discharge
气管憩室	气管憩室	原始名称	7	discharge
淀粉样变肾损害	淀粉样变肾损害	原始名称	7	admission,discharge
特发性心房纤颤	心房颤动	同义词映射	7	admission,discharge
甲周炎	甲周炎	原始名称	7	admission,discharge
疝	疝	原始名称	7	discharge
直肠息肉	直肠息肉	原始名称	7	admission,discharge
直肠术后	直肠术后	原始名称	7	discharge
纵膈肿瘤	纵膈肿瘤	原始名称	7	admission
肛周炎	肛周炎	原始名称	7	admission,discharge
肛周脓肿	肛周脓肿	原始名称	7	discharge
肛瘘	肛瘘	原始名称	7	admission,discharge
肝大	肝大	原始名称	7	discharge
肝硬化伴食管静脉曲张	肝硬化伴食管胃底静脉曲张	同义词映射	7	admission,discharge
肝细胞性黄疸	肝细胞性黄疸	原始名称	7	admission,discharge
肺动脉高压	肺动脉高压	原始名称	7	admission,discharge
肺恶性肿瘤(？)	肺恶性肿瘤	基础规范化	7	admission
肺栓塞	肺栓塞	原始名称	7	admission,discharge
肺门淋巴结继发恶性肿瘤	肺门淋巴结继发恶性肿瘤	原始名称	7	discharge
胆囊术后	胆囊术后	原始名称	7	discharge
胆囊继发恶性肿瘤	胆囊继发恶性肿瘤	原始名称	7	admission,discharge
脊髓损伤后遗症	脊髓损伤后遗症	原始名称	7	admission,discharge
腰椎病	腰椎病	原始名称	7	admission
腹股沟淋巴结肿大	腹股沟淋巴结肿大	原始名称	7	admission,discharge
自身免疫性肝炎	自身免疫性肝炎	原始名称	7	admission,discharge
软组织感染	软组织感染	原始名称	7	admission,discharge
输卵管术后	输卵管术后	原始名称	7	discharge
输尿管造口状态	输尿管造口状态	原始名称	7	admission,discharge
重型β型地中海贫血	重型β地中海贫血	同义词映射	7	admission,discharge
锁骨下静脉血栓形成	锁骨下静脉血栓形成	原始名称	7	admission
阑尾恶性肿瘤	阑尾恶性肿瘤	原始名称	7	admission,discharge
阵发性心房纤颤	阵发性心房纤颤	原始名称	7	discharge
陈旧性骨折	陈旧性骨折	原始名称	7	admission
霉菌性肺炎	真菌性肺炎	同义词映射	7	admission,discharge
非小细胞癌	非小细胞癌	原始名称	7	admission,discharge
骨髓增生异常综合征-难治性贫血伴原始细胞过多(MDS-RAEB)	骨髓增生异常综合征-难治性贫血伴原始细胞过多	基础规范化	7	admission,discharge
骨髓继发恶性肿瘤	骨髓继发恶性肿瘤	原始名称	7	admission,discharge
高胆红素血症	高胆红素血症	原始名称	7	admission,discharge
B细胞淋巴瘤	B细胞淋巴瘤	原始名称	6	admission,discharge
T-细胞大颗粒淋巴细胞白血病	T细胞大颗粒淋巴细胞白血病	同义词映射	6	admission,discharge
下肢深静脉血栓形成	下肢深静脉血栓形成	原始名称	6	discharge
主动脉瓣关闭不全	主动脉瓣关闭不全	原始名称	6	discharge
主动脉钙化	主动脉钙化	原始名称	6	admission,discharge
传染性单核细胞增多症	传染性单核细胞增多症	原始名称	6	discharge
冠状动脉供血不足	冠状动脉供血不足	原始名称	6	admission,discharge
副脾	副脾	原始名称	6	discharge
包裹性胸腔积液	胸腔积液	同义词映射	6	discharge
口腔出血	口腔出血	原始名称	6	admission,discharge
咽喉恶性肿瘤	咽喉恶性肿瘤	原始名称	6	admission,discharge
噬血细胞综合征	噬血细胞综合征	原始名称	6	admission,discharge
套细胞淋巴瘤	套细胞淋巴瘤	原始名称	6	admission,discharge
女性盆腔炎	盆腔炎	同义词映射	6	discharge
子宫术后	子宫术后	原始名称	6	discharge
心肌梗死恢复期	心肌梗死	同义词映射	6	admission,discharge
心肌病	心肌病	原始名称	6	discharge
心脏搭桥术后	冠状动脉旁路移植术后状态	同义词映射	6	discharge
急性冠脉综合征	急性冠脉综合征	原始名称	6	admission,discharge
急性化脓性扁桃体炎	急性化脓性扁桃体炎	原始名称	6	discharge
急性肾衰竭	急性肾衰竭	原始名称	6	admission,discharge
恶性胰腺瘤	恶性胰腺瘤	原始名称	6	admission,discharge
慢性心力衰竭	心力衰竭	同义词映射	6	admission,discharge
放疗后恢复期	放疗后恢复期	原始名称	6	discharge
朗格汉斯细胞组织细胞增生症	朗格汉斯细胞组织细胞增生症	原始名称	6	admission,discharge
梭形细胞肉瘤	梭形细胞肉瘤	原始名称	6	admission
浅昏迷	昏迷	同义词映射	6	admission,discharge
消化道穿孔	消化道穿孔	原始名称	6	admission,discharge
淋巴结炎	淋巴结炎	原始名称	6	admission,discharge
特发性肾积水	肾积水	同义词映射	6	admission,discharge
疝气类病	疝	同义词映射	6	admission
皮下肿物	皮下占位性病变	同义词映射	6	admission,discharge
皮肤淋巴瘤	皮肤淋巴瘤	原始名称	6	admission,discharge
神经节神经母细胞瘤	神经节神经母细胞瘤	原始名称	6	admission
神经麻痹	神经麻痹	原始名称	6	admission,discharge
糖尿病伴有并发症	糖尿病伴并发症	同义词映射	6	admission,discharge
红细胞增多	红细胞增多	原始名称	6	admission,discharge
细支气管扩张	细支气管扩张	原始名称	6	admission,discharge
结肠恶性肿瘤个人史	结肠恶性肿瘤个人史	原始名称	6	admission,discharge
结节病	结节病	原始名称	6	admission,discharge
肱骨骨折	肱骨骨折	原始名称	6	admission,discharge
肿瘤免疫治疗	恶性肿瘤免疫治疗	同义词映射	6	discharge
胃窦恶性肿瘤	胃窦恶性肿瘤	原始名称	6	admission,discharge
胆管继发恶性肿瘤	胆管继发恶性肿瘤	原始名称	6	admission,discharge
脑膜瘤	脑膜瘤	原始名称	6	admission,discharge
脾功能亢进	脾功能亢进	原始名称	6	discharge
腰椎退行性病变	腰椎退行性病变	原始名称	6	admission,discharge
腹壁疝	腹壁疝	原始名称	6	admission,discharge
舌囊肿	舌囊肿	原始名称	6	admission,discharge
蛛网膜囊肿	蛛网膜囊肿	原始名称	6	discharge
血栓性微血管病	血栓性微血管病	原始名称	6	discharge
输卵管恶性肿瘤	输卵管恶性肿瘤	原始名称	6	admission,discharge
过敏性皮炎	过敏性皮炎	原始名称	6	discharge
过敏性皮疹	过敏性皮疹	原始名称	6	discharge
阵发性房性心动过速	阵发性房性心动过速	原始名称	6	admission,discharge
降结肠乙状结肠恶性肿瘤	结肠恶性肿瘤	解剖方位归一	6	admission,discharge
额窦炎	额窦炎	原始名称	6	discharge
高血压病1级(极高危)	高血压1级	同义词映射	6	admission,discharge
高血压病2级(中危)	高血压2级	同义词映射	6	discharge
高血压脑病	高血压脑病	原始名称	6	discharge
上腔静脉梗阻	上腔静脉综合征	同义词映射	5	discharge
下消化道出血	下消化道出血	原始名称	5	discharge
乙型肝炎肝硬化	乙型肝炎肝硬化	原始名称	5	discharge
假性动脉瘤	假性动脉瘤	原始名称	5	discharge
前列腺原位癌	前列腺原位癌	原始名称	5	admission,discharge
剖宫产个人史	剖宫产个人史	原始名称	5	discharge
口咽恶性肿瘤	口咽恶性肿瘤	原始名称	5	admission,discharge
口腔炎	口腔炎	原始名称	5	discharge
口腔黏膜溃疡	口腔溃疡	同义词映射	5	discharge
呼吸道感染	呼吸道感染	原始名称	5	admission,discharge
咽炎	咽炎	原始名称	5	discharge
嗜睡	嗜睡	原始名称	5	discharge
多脏器功能衰竭	多脏器功能衰竭	原始名称	5	admission,discharge
天疱疮	天疱疮	原始名称	5	discharge
头面颈部皮肤感染	皮肤感染	同义词映射	5	admission,discharge
帕金森病	帕金森病	原始名称	5	admission,discharge
带状疱疹后神经痛	带状疱疹后神经痛	原始名称	5	admission,discharge
应激性胃炎	应激性胃炎	原始名称	5	admission,discharge
强直性脊柱炎	强直性脊柱炎	原始名称	5	admission,discharge
心功能III级(NYHA分级)	心功能III级	基础规范化	5	admission,discharge
急性尿道炎	急性尿道炎	原始名称	5	discharge
急性牙周炎	急性牙周炎	原始名称	5	discharge
急性肝衰竭	急性肝衰竭	原始名称	5	admission,discharge
慢性嗜酸性细胞白血病	慢性嗜酸性粒细胞白血病	同义词映射	5	admission,discharge
慢性尿道炎	慢性尿道炎	原始名称	5	admission,discharge
慢性白血病	慢性白血病	原始名称	5	admission,discharge
慢性肾功能不全	慢性肾功能不全	原始名称	5	discharge
梭形细胞癌	梭形细胞癌	原始名称	5	admission
槭糖尿病	槭糖尿病	原始名称	5	discharge
死亡	死亡	原始名称	5	discharge
残胃恶性肿瘤	残胃恶性肿瘤	原始名称	5	admission,discharge
炎症后肺纤维化	肺间质纤维化	同义词映射	5	discharge
皮下出血	皮下出血	原始名称	5	admission,discharge
盆腔肿物	盆腔占位性病变	同义词映射	5	admission,discharge
盆腔肿瘤	盆腔肿瘤	原始名称	5	admission,discharge
直肠粘膜炎	直肠黏膜炎	基础规范化	5	discharge
糖尿病性坏死性筋膜炎	糖尿病性坏死性筋膜炎	原始名称	5	admission
肠粘连	肠粘连	原始名称	5	admission,discharge
胃继发恶性肿瘤	胃继发恶性肿瘤	原始名称	5	admission,discharge
胃肠道间质肉瘤	胃肠道间质瘤	同义词映射	5	admission,discharge
胆囊腺肌症	胆囊腺肌症	原始名称	5	admission,discharge
胆汁淤积症	胆汁淤积症	原始名称	5	admission,discharge
胰头继发恶性肿瘤	胰头继发恶性肿瘤	原始名称	5	admission,discharge
脊髓继发恶性肿瘤	脊髓继发恶性肿瘤	原始名称	5	admission,discharge
脑梗死个人史	脑梗死个人史	原始名称	5	admission,discharge
脑梗死恢复期	脑梗死恢复期	原始名称	5	admission,discharge
腰椎压缩性骨折	腰椎压缩性骨折	原始名称	5	discharge
腰椎术后	腰椎术后	原始名称	5	discharge
腰肌劳损	腰肌劳损	原始名称	5	discharge
腰部恶性肿瘤	腰部恶性肿瘤	原始名称	5	admission,discharge
药物性肝炎伴肝功能衰竭	药物性肝衰竭	同义词映射	5	admission,discharge
药物性骨髓抑制	药物性骨髓抑制	原始名称	5	admission,discharge
蝶窦囊肿	蝶窦囊肿	原始名称	5	admission
血尿	血尿	原始名称	5	admission,discharge
间位结肠	间位结肠	原始名称	5	admission
阴道出血	阴道出血	原始名称	5	admission,discharge
青光眼	青光眼	原始名称	5	admission,discharge
频发性室性期前收缩	频发性室性期前收缩	原始名称	5	admission,discharge
食管憩室	食管憩室	原始名称	5	admission,discharge
食管静脉曲张	食管胃底静脉曲张	同义词映射	5	discharge
2型糖尿病足	糖尿病足	同义词映射	4	discharge
上肢静脉血栓形成	上肢静脉血栓形成	原始名称	4	admission,discharge
人类免疫缺陷病毒\[HIV\]病造成的淋巴造血和有关组织的其他恶性肿瘤	人类免疫缺陷病毒\病造成的淋巴造血和有关组织的其他恶性肿瘤	基础规范化	4	admission,discharge
人类免疫缺陷病毒\[HIV\]的实验室证据	人类免疫缺陷病毒\的实验室证据	基础规范化	4	discharge
会厌恶性肿瘤	会厌恶性肿瘤	原始名称	4	admission,discharge
会阴部恶性肿瘤	会阴部恶性肿瘤	原始名称	4	admission,discharge
儿童骨髓增生异常综合征	骨髓增生异常综合征	同义词映射	4	admission,discharge
先天性耳聋	先天性耳聋	原始名称	4	discharge
关节积液	关节积液	原始名称	4	admission,discharge
前列腺钙化灶	前列腺钙化灶	原始名称	4	discharge
包裹性腹腔积液	腹腔积液	同义词映射	4	admission,discharge
化学治疗	化学治疗	原始名称	4	discharge
卵巢继发性恶性肿瘤	卵巢继发恶性肿瘤	同义词映射	4	discharge
卵巢肿物	卵巢占位性病变	同义词映射	4	discharge
周围神经病	周围神经病	原始名称	4	discharge
唇结节病	唇结节病	原始名称	4	admission,discharge
外痔	外痔	原始名称	4	discharge
多部位淋巴结继发恶性肿瘤	多部位淋巴结继发恶性肿瘤	原始名称	4	discharge
失眠	失眠	原始名称	4	admission,discharge
姑息性化疗	恶性肿瘤化学治疗	同义词映射	4	admission,discharge
子宫及输卵管恶性肿瘤	子宫输卵管恶性肿瘤	解剖方位归一	4	discharge
室性自搏	室性自搏	原始名称	4	admission,discharge
急性上消化道出血	上消化道出血	同义词映射	4	admission,discharge
慢性骨髓增殖性肿瘤	骨髓增殖性肿瘤	同义词映射	4	admission,discharge
成人T-细胞白血病	成人T细胞白血病	同义词映射	4	admission,discharge
新型冠状病毒肺炎	新型冠状病毒肺炎	原始名称	4	discharge
椎体继发恶性肿瘤	椎体继发恶性肿瘤	原始名称	4	admission,discharge
椎管狭窄	椎管狭窄	原始名称	4	discharge
气管支架置入术后	气管支架置入术后状态	同义词映射	4	admission,discharge
气胸	气胸	原始名称	4	discharge
淋巴管炎	淋巴管炎	原始名称	4	discharge
甲型H1N1流行性感冒性肺炎	甲型H1N1流感肺炎	同义词映射	4	admission,discharge
男性乳腺增生	男性乳腺增生	原始名称	4	admission,discharge
瘫痪	瘫痪	原始名称	4	admission,discharge
癫痫，其他的	癫痫	基础规范化	4	admission
皮疹	皮疹	原始名称	4	admission,discharge
皮肌炎	皮肌炎	原始名称	4	discharge
直肠癌伴出血	直肠癌伴出血	原始名称	4	admission,discharge
短暂性脑缺血发作	短暂性脑缺血发作	原始名称	4	admission,discharge
神经内分泌肿瘤	神经内分泌肿瘤	原始名称	4	admission,discharge
神经性耳鸣	神经性耳鸣	原始名称	4	discharge
结核性腹膜炎	结核性腹膜炎	原始名称	4	discharge
结节性硬化型霍奇金病	结节硬化型霍奇金淋巴瘤	同义词映射	4	admission,discharge
继发性恶性肿瘤，其他特指部位的	继发恶性肿瘤	同义词映射	4	discharge
肝恶性肿瘤(？)	肝恶性肿瘤	基础规范化	4	admission
肝恶性肿瘤个人史	肝恶性肿瘤个人史	原始名称	4	admission,discharge
肝损害	肝损伤	同义词映射	4	admission,discharge
肝母细胞瘤	肝母细胞瘤	原始名称	4	admission,discharge
肝脓肿	肝脓肿	原始名称	4	discharge
肺心病	肺源性心脏病	同义词映射	4	admission
肺空洞	肺空洞	原始名称	4	admission,discharge
肾上腺肿物	肾上腺占位性病变	同义词映射	4	discharge
肾上腺肿瘤	肾上腺肿瘤	原始名称	4	admission,discharge
肾病综合征	肾病综合征	原始名称	4	discharge
肾静脉血栓形成	肾静脉血栓形成	原始名称	4	discharge
胃吻合口炎	胃吻合口炎	原始名称	4	discharge
胆囊结石伴胆囊炎	胆囊结石伴胆囊炎	原始名称	4	admission,discharge
胰头恶性肿瘤	胰头恶性肿瘤	原始名称	4	admission,discharge
胸膜炎	胸膜炎	原始名称	4	admission,discharge
胸部食管恶性肿瘤	胸部食管恶性肿瘤	原始名称	4	admission,discharge
脑血管供血不足	脑动脉供血不足	同义词映射	4	admission,discharge
脑血管狭窄	脑血管狭窄	原始名称	4	admission,discharge
脱髓鞘性脑病	脱髓鞘性脑病	原始名称	4	discharge
脾恶性肿瘤	脾恶性肿瘤	原始名称	4	admission,discharge
腰椎间盘突出症	腰椎间盘突出	同义词映射	4	admission
腹股沟继发恶性肿瘤	腹股沟继发恶性肿瘤	原始名称	4	discharge
腹膜炎	腹膜炎	原始名称	4	discharge
腹部肿物	腹部占位性病变	同义词映射	4	admission,discharge
膀胱结石	膀胱结石	原始名称	4	admission,discharge
膝关节痛	膝关节痛	原始名称	4	admission,discharge
臀部恶性肿瘤	臀部恶性肿瘤	原始名称	4	admission,discharge
艾滋病	艾滋病	原始名称	4	admission,discharge
蜂窝肺	肺间质纤维化	同义词映射	4	discharge
重度骨质疏松	骨质疏松	同义词映射	4	discharge
间变大细胞淋巴瘤	间变大细胞淋巴瘤	原始名称	4	admission,discharge
阑尾术后	阑尾术后	原始名称	4	discharge
阴道恶性肿瘤	阴道恶性肿瘤	原始名称	4	admission,discharge
阴道瘘	阴道瘘	原始名称	4	discharge
陈旧性下壁心肌梗死	陈旧性心肌梗死	同义词映射	4	discharge
降结肠恶性肿瘤	结肠恶性肿瘤	解剖方位归一	4	admission,discharge
面神经炎	面神经炎	原始名称	4	admission,discharge
鞘膜积液	鞘膜积液	原始名称	4	admission,discharge
颈内静脉血栓形成	颈内静脉血栓形成	原始名称	4	discharge
颈椎术后	颈椎术后	原始名称	4	admission,discharge
颈椎退行性病变	颈椎退行性病变	原始名称	4	discharge
颈静脉血栓形成	颈静脉血栓形成	原始名称	4	discharge
食管术后	食管术后	原始名称	4	discharge
骨髓移植术后	骨髓移植术后状态	同义词映射	4	admission,discharge
高泌乳素血症	高泌乳素血症	原始名称	4	admission,discharge
高钠血症	高钠血症	原始名称	4	admission,discharge
Ⅱ型呼吸衰竭	Ⅱ型呼吸衰竭	原始名称	3	discharge
下肢水肿	下肢水肿	原始名称	3	admission,discharge
乙肝表面抗原携带者	乙型肝炎病毒携带者	同义词映射	3	discharge
低血糖	低血糖	原始名称	3	admission,discharge
先天性心包囊肿	先天性心包囊肿	原始名称	3	discharge
全身性淋巴结增大	全身性淋巴结增大	原始名称	3	admission,discharge
前列腺术后	前列腺术后	原始名称	3	discharge
十二指肠溃疡	十二指肠溃疡	原始名称	3	discharge
卵巢术后	卵巢术后	原始名称	3	admission,discharge
外阴恶性肿瘤	外阴恶性肿瘤	原始名称	3	admission,discharge
大脑动脉狭窄脑梗死	脑梗死	同义词映射	3	admission,discharge
头颈部肿瘤	头颈部肿瘤	原始名称	3	admission,discharge
子宫平滑肌瘤	子宫平滑肌瘤	原始名称	3	admission,discharge
子宫肌壁间平滑肌瘤	子宫平滑肌瘤	同义词映射	3	admission,discharge
子宫腺肌瘤	子宫腺肌病	同义词映射	3	admission,discharge
安装心脏起搏器	心脏起搏器植入术后状态	同义词映射	3	admission,discharge
室性心律失常	室性心律失常	原始名称	3	admission,discharge
小肠肿瘤	小肠肿瘤	原始名称	3	discharge
尿潴留	尿潴留	原始名称	3	discharge
尿道炎，其他的	尿道炎	基础规范化	3	discharge
带状疱疹性神经痛	带状疱疹性神经痛	原始名称	3	admission,discharge
干燥综合征伴肺间质纤维化	干燥综合征伴肺间质纤维化	原始名称	3	admission,discharge
心肌酶谱异常	心肌酶谱异常	原始名称	3	discharge
心脏瓣膜病	心脏瓣膜病	原始名称	3	admission,discharge
急性早幼粒细胞白血病	急性早幼粒细胞白血病	原始名称	3	admission,discharge
急性肾功能不全	急性肾功能不全	原始名称	3	admission,discharge
急性胃炎	急性胃炎	原始名称	3	discharge
恶性心包积液	心包积液	同义词映射	3	admission,discharge
恶性肿瘤放射治疗	恶性肿瘤放射治疗	原始名称	3	admission,discharge
感染	感染	原始名称	3	discharge
慢性子宫颈炎	宫颈炎	同义词映射	3	discharge
慢性肠炎	慢性肠炎	原始名称	3	discharge
慢性萎缩性胃炎	慢性萎缩性胃炎	原始名称	3	discharge
慢性阑尾炎	慢性阑尾炎	原始名称	3	discharge
房间隔缺损	房间隔缺损	原始名称	3	discharge
手术前恶性肿瘤化学治疗	恶性肿瘤术前化疗	治疗状态归一	3	discharge
支气管哮喘	支气管哮喘	原始名称	3	discharge
支气管恶性肿瘤	支气管恶性肿瘤	原始名称	3	admission,discharge
放射性咽炎	放射性咽炎	原始名称	3	discharge
未分化肉瘤	未分化肉瘤	原始名称	3	admission,discharge
桥本甲状腺炎	桥本甲状腺炎	原始名称	3	discharge
梅毒	梅毒	原始名称	3	admission,discharge
横纹肌肉瘤	横纹肌肉瘤	原始名称	3	admission
法特壶腹恶性肿瘤	法特壶腹恶性肿瘤	原始名称	3	admission,discharge
消化道出血(？)	消化道出血	基础规范化	3	admission
混合性酸碱平衡失调	混合性酸碱平衡失调	原始名称	3	discharge
混合痔	混合痔	原始名称	3	discharge
滑膜肉瘤	滑膜肉瘤	原始名称	3	admission
特发性门脉高压	特发性门脉高压	原始名称	3	admission,discharge
癔症	癔症	原始名称	3	discharge
直肠肿瘤	直肠肿瘤	原始名称	3	admission
眩晕综合征	眩晕	同义词映射	3	admission,discharge
睡眠障碍	睡眠障碍	原始名称	3	discharge
神经损伤	神经损伤	原始名称	3	admission,discharge
窦性停搏	窦性停搏	原始名称	3	discharge
糖尿病性周围神经病	糖尿病性周围神经病	原始名称	3	discharge
糖尿病性肾病	糖尿病性肾病	原始名称	3	discharge
糖尿病肾病I期	糖尿病肾病	同义词映射	3	discharge
继发性糖尿病	继发性糖尿病	原始名称	3	discharge
维生素B12缺乏	维生素B12缺乏	原始名称	3	admission,discharge
耻骨骨折	耻骨骨折	原始名称	3	admission,discharge
肋间神经痛	肋间神经痛	原始名称	3	admission,discharge
肝动脉栓塞	肝动脉栓塞	原始名称	3	discharge
肝术后	肝术后	原始名称	3	admission,discharge
肝脓肿(？)	肝脓肿	基础规范化	3	admission
肠胀气	肠胀气	原始名称	3	admission,discharge
肩关节痛	肩关节痛	原始名称	3	admission,discharge
肺原位癌	肺原位癌	原始名称	3	admission,discharge
肺部重症感染	肺部感染	解剖方位归一	3	admission,discharge
肾盂扩张	肾盂扩张	原始名称	3	admission,discharge
肾肿物	肾占位性病变	同义词映射	3	discharge
胃原位癌	胃原位癌	原始名称	3	admission,discharge
胆管囊肿	胆管囊肿	原始名称	3	admission,discharge
胆管结石	胆管结石	原始名称	3	discharge
胆道感染	胆道感染	原始名称	3	admission,discharge
胫骨骨折	胫骨骨折	原始名称	3	admission,discharge
胸壁恶性黑色素瘤	恶性黑色素瘤	同义词映射	3	admission,discharge
脊髓灰质炎后脊柱侧弯	脊柱侧弯	同义词映射	3	discharge
脑和脑膜继发性恶性肿瘤	脑继发恶性肿瘤	解剖方位归一	3	discharge
脑疝	脑疝	原始名称	3	discharge
脑白质病	脑白质病	原始名称	3	discharge
脑缺血灶	脑缺血灶	原始名称	3	discharge
脾梗死	脾梗死	原始名称	3	discharge
腋下淋巴结肿大	腋下淋巴结肿大	原始名称	3	admission,discharge
腰椎骨质增生	腰椎骨质增生	原始名称	3	admission,discharge
膀胱炎	膀胱炎	原始名称	3	discharge
膝关节退行性病变	膝关节退行性病变	原始名称	3	discharge
自体免疫性脑炎	自体免疫性脑炎	原始名称	3	admission,discharge
自身免疫相关性脑病	自身免疫性脑炎	同义词映射	3	discharge
贲门继发恶性肿瘤	贲门继发恶性肿瘤	原始名称	3	discharge
贲门肿瘤	贲门肿瘤	原始名称	3	admission,discharge
贲门胃体恶性肿瘤	贲门恶性肿瘤	解剖方位归一	3	admission,discharge
输尿管支架置入术后	输尿管支架置入术后状态	同义词映射	3	admission,discharge
输尿管结石	输尿管结石	原始名称	3	discharge
输尿管造术状态	输尿管造口状态	同义词映射	3	discharge
重症肺炎	重症肺炎	原始名称	3	admission,discharge
错构瘤病	错构瘤病	原始名称	3	discharge
门静脉栓塞	门静脉血栓形成	同义词映射	3	discharge
陈旧性胸膜结核	结核性胸膜炎	同义词映射	3	discharge
非霍奇金淋巴瘤(B细胞型)	非霍奇金淋巴瘤	基础规范化	3	admission,discharge
颅内继发恶性肿瘤	颅内继发恶性肿瘤	原始名称	3	discharge
颅骨继发恶性肿瘤	颅骨继发恶性肿瘤	原始名称	3	admission,discharge
颈部继发性恶性肿瘤	颈部继发性恶性肿瘤	原始名称	3	discharge
骨折术后	骨折术后	原始名称	3	admission,discharge
骨盆骨折	骨盆骨折	原始名称	3	discharge
骶骨继发恶性肿瘤	骶骨继发恶性肿瘤	原始名称	3	discharge
高血压病2级(低危)	高血压2级	同义词映射	3	admission,discharge
鼻息肉	鼻息肉	原始名称	3	discharge
B-细胞淋巴瘤	B细胞淋巴瘤	同义词映射	2	discharge
Ⅱ度子宫脱垂	Ⅱ度子宫脱垂	原始名称	2	admission,discharge
Ⅲ度房室传导阻滞	Ⅲ度房室传导阻滞	原始名称	2	admission,discharge
上腔静脉血栓形成	上腔静脉血栓形成	原始名称	2	admission,discharge
上颌窦恶性肿瘤	上颌窦恶性肿瘤	原始名称	2	admission,discharge
下肢动脉粥样硬化	下肢动脉粥样硬化	原始名称	2	discharge
下肢肿胀	下肢肿胀	原始名称	2	admission,discharge
下肢软组织感染	软组织感染	同义词映射	2	discharge
下肢骨折	下肢骨折	原始名称	2	discharge
丙型肝炎后肝硬化失代偿期	丙型肝炎肝硬化失代偿期	同义词映射	2	discharge
中枢性面神经麻痹	面神经炎	同义词映射	2	discharge
乳腺良性肿瘤	乳腺良性肿瘤	原始名称	2	admission,discharge
人类免疫缺陷病毒\[HIV\]病	人类免疫缺陷病毒\病	基础规范化	2	admission,discharge
低体温	低体温	原始名称	2	admission,discharge
低氧血症	低氧血症	原始名称	2	discharge
低血容量	低血容量	原始名称	2	admission,discharge
低血糖性昏迷	低血糖性昏迷	原始名称	2	admission,discharge
侵袭性NK细胞白血病	侵袭性NK细胞白血病	原始名称	2	admission,discharge
全心衰竭	心力衰竭	同义词映射	2	discharge
全身性疼痛	全身性疼痛	原始名称	2	admission,discharge
全身炎症反应综合征	全身炎症反应综合征	原始名称	2	admission,discharge
冠状动脉缺血	冠状动脉缺血	原始名称	2	discharge
创伤性脑梗塞	创伤性脑梗死	基础规范化	2	discharge
前列腺肿物	前列腺占位性病变	同义词映射	2	admission,discharge
前纵隔恶性肿瘤	纵隔恶性肿瘤	同义词映射	2	admission,discharge
动态未定或动态未知的肿瘤	动态未定或动态未知的肿瘤	原始名称	2	discharge
化脓性牙龈炎	牙龈炎	同义词映射	2	admission,discharge
十二指肠炎	十二指肠炎	原始名称	2	discharge
十二指肠继发恶性肿瘤	十二指肠继发恶性肿瘤	原始名称	2	discharge
半月板损伤	半月板损伤	原始名称	2	admission,discharge
单侧腹股沟斜疝	腹股沟斜疝	同义词映射	2	admission,discharge
卵巢冠恶性肿瘤	卵巢冠恶性肿瘤	原始名称	2	admission,discharge
卵巢占位性病变	卵巢占位性病变	原始名称	2	admission,discharge
口底恶性肿瘤	口底恶性肿瘤	原始名称	2	admission,discharge
口腔粘膜损害	口腔黏膜损害	基础规范化	2	discharge
右肺上叶恶性肿瘤	肺恶性肿瘤	解剖方位归一	2	admission,discharge
右肺中叶恶性肿瘤	肺恶性肿瘤	解剖方位归一	2	admission,discharge
呕血	呕血	原始名称	2	admission,discharge
周围T细胞淋巴瘤	外周T细胞淋巴瘤	同义词映射	2	admission,discharge
呼吸心跳骤停	呼吸心跳骤停	原始名称	2	discharge
喉肿瘤	喉肿瘤	原始名称	2	admission,discharge
嗅神经恶性肿瘤	嗅神经恶性肿瘤	原始名称	2	admission,discharge
嗜酸细胞白血病	嗜酸性粒细胞白血病	同义词映射	2	discharge
囊腺瘤	囊腺瘤	原始名称	2	admission,discharge
回盲部淋巴瘤	回盲部淋巴瘤	原始名称	2	admission,discharge
坠积性肺炎	坠积性肺炎	原始名称	2	discharge
增生性牙龈炎	牙龈炎	同义词映射	2	discharge
声带麻痹	声带麻痹	原始名称	2	admission,discharge
壶腹部肿瘤	壶腹部肿瘤	原始名称	2	admission,discharge
多处损伤	多处损伤	原始名称	2	admission,discharge
大细胞神经内分泌癌	大细胞神经内分泌癌	原始名称	2	admission,discharge
头、面和颈部淋巴结继发性的恶性肿瘤	头颈部淋巴结继发恶性肿瘤	同义词映射	2	discharge
子宫息肉	子宫息肉	原始名称	2	discharge
子宫恶性肿瘤史	子宫恶性肿瘤个人史	同义词映射	2	admission,discharge
孕12周	妊娠	同义词映射	2	admission,discharge
室上性心动过速	室上性心动过速	原始名称	2	discharge
宫颈内膜原位癌	宫颈原位癌	同义词映射	2	admission,discharge
导管相关性尿路感染	导管相关性尿路感染	原始名称	2	admission,discharge
小脑肿瘤(术后)	小脑肿瘤	基础规范化	2	admission
尿道出血	尿道出血	原始名称	2	admission,discharge
左肺上叶恶性肿瘤	肺恶性肿瘤	解剖方位归一	2	discharge
带状疱疹伴有其他并发症	带状疱疹伴有其他并发症	原始名称	2	admission,discharge
幽门梗阻	幽门梗阻	原始名称	2	discharge
应激性高血糖状态	高血糖	同义词映射	2	admission,discharge
心功能Ⅱ级(NYHA分级)	心功能Ⅱ级	基础规范化	2	admission,discharge
急性化脓性胆囊炎	急性化脓性胆囊炎	原始名称	2	discharge
急性咽喉炎	急性咽喉炎	原始名称	2	admission,discharge
急性心力衰竭	心力衰竭	同义词映射	2	discharge
急性心肌梗死	急性心肌梗死	原始名称	2	discharge
急性心肌缺血	心肌缺血	同义词映射	2	admission,discharge
急性早幼粒细胞性白血病	急性早幼粒细胞白血病	同义词映射	2	admission
急性肠炎	急性肠炎	原始名称	2	discharge
急性脊髓灰质炎	急性脊髓灰质炎	原始名称	2	discharge
急性脑血管病	急性脑血管病	原始名称	2	discharge
恶心和呕吐	恶心呕吐	同义词映射	2	discharge
恶性贫血	恶性贫血	原始名称	2	discharge
意识丧失	意识障碍	同义词映射	2	admission,discharge
感染性腹泻	感染性腹泻	原始名称	2	discharge
慢性乙型丁型病毒性肝炎	慢性乙型丁型病毒性肝炎	原始名称	2	admission,discharge
慢性单核细胞白血病	慢性单核细胞白血病	原始名称	2	discharge
慢性咽炎	慢性咽炎	原始名称	2	discharge
慢性心房颤动	心房颤动	同义词映射	2	discharge
慢性硬膜下血肿	慢性硬膜下血肿	原始名称	2	discharge
慢性粒细胞性白血病伴缓解(急性变)	慢性粒细胞性白血病伴缓解	基础规范化	2	discharge
慢性肝炎	慢性肝炎	原始名称	2	discharge
慢性肾衰竭(肾功能不全)合并贫血	慢性肾衰竭合并贫血	基础规范化	2	discharge
慢性胆囊炎急性发作	慢性胆囊炎急性发作	原始名称	2	admission,discharge
慢性胰腺炎	慢性胰腺炎	原始名称	2	admission,discharge
慢性鼻炎	慢性鼻炎	原始名称	2	admission,discharge
慢性鼻窦炎	慢性鼻窦炎	原始名称	2	discharge
手术后胃瘫综合征	手术后胃瘫综合征	原始名称	2	discharge
扩张型心肌病	扩张型心肌病	原始名称	2	admission
抽搐状态	抽搐	同义词映射	2	discharge
支气管瘘	支气管瘘	原始名称	2	discharge
支气管继发恶性肿瘤	支气管继发恶性肿瘤	原始名称	2	discharge
放射性直肠炎	放射性直肠炎	原始名称	2	discharge
新型冠状病毒感染	新型冠状病毒感染	原始名称	2	discharge
月经过多	月经过多	原始名称	2	discharge
枕叶出血	枕叶出血	原始名称	2	admission,discharge
桡骨远端骨折	桡骨远端骨折	原始名称	2	discharge
椎管内恶性肿瘤	椎管内恶性肿瘤	原始名称	2	discharge
残胃炎	残胃炎	原始名称	2	discharge
浆细胞性乳腺炎	浆细胞性乳腺炎	原始名称	2	admission,discharge
浆细胞白血病	浆细胞白血病	原始名称	2	discharge
浆细胞骨髓瘤[浆细胞瘤]	浆细胞骨髓瘤	基础规范化	2	admission
消瘦	消瘦	原始名称	2	admission,discharge
淋巴细胞白血病	淋巴细胞白血病	原始名称	2	discharge
深昏迷	昏迷	同义词映射	2	discharge
混合型过敏性紫癜	过敏性紫癜	同义词映射	2	admission,discharge
湿疹	湿疹	原始名称	2	discharge
溃疡性结肠炎	溃疡性结肠炎	原始名称	2	discharge
焦虑性抑郁症	焦虑抑郁状态	同义词映射	2	discharge
牙龈溃疡	口腔溃疡	同义词映射	2	discharge
牙龈瘤	牙龈瘤	原始名称	2	admission,discharge
牙龈脓肿	牙龈脓肿	原始名称	2	admission,discharge
瓦登伯格综合征	瓦登伯格综合征	原始名称	2	discharge
甲状腺功能亢进史	甲状腺功能亢进症个人史	同义词映射	2	admission,discharge
甲状腺囊肿	甲状腺囊肿	原始名称	2	discharge
甲状腺肿物	甲状腺占位性病变	同义词映射	2	admission,discharge
白癜风	白癜风	原始名称	2	discharge
皮肤肿物	皮肤占位性病变	同义词映射	2	admission,discharge
皮脂腺囊肿	皮脂腺囊肿	原始名称	2	discharge
直肠乙状结肠连接处恶性肿瘤	直肠乙状结肠连接处恶性肿瘤	原始名称	2	admission
直肠肿物	直肠肿物	原始名称	2	admission,discharge
直肠阴道瘘	直肠阴道瘘	原始名称	2	discharge
眼底出血	眼底出血	原始名称	2	admission,discharge
神经纤维瘤	神经纤维瘤	原始名称	2	admission
管状腺瘤	管状腺瘤	原始名称	2	admission
精神障碍	精神障碍	原始名称	2	discharge
糖尿病性视网膜病变	糖尿病性视网膜病变	原始名称	2	discharge
经典型霍奇金淋巴瘤	霍奇金淋巴瘤	同义词映射	2	discharge
结肠原位癌	结肠原位癌	原始名称	2	admission,discharge
结肠术后	结肠术后	原始名称	2	discharge
结肠腺瘤样息肉病	结肠息肉病	同义词映射	2	discharge
结肠黑变病	结肠黑变病	原始名称	2	discharge
结膜出血	结膜出血	原始名称	2	discharge
继发性高血压	继发性高血压	原始名称	2	discharge
肝内胆管结石	肝内胆管结石	原始名称	2	discharge
肝恶性细胞瘤	肝恶性肿瘤	同义词映射	2	admission
肝炎后肝硬化失代偿期	肝炎后肝硬化失代偿期	原始名称	2	admission,discharge
肝肾综合征	肝肾综合征	原始名称	2	discharge
肝脾大	肝脾大	原始名称	2	discharge
肝错构瘤	肝错构瘤	原始名称	2	discharge
肝门胆管恶性肿瘤	肝门胆管恶性肿瘤	原始名称	2	admission,discharge
肠道菌群失调	肠道菌群失调	原始名称	2	discharge
股骨干骨折	股骨干骨折	原始名称	2	discharge
股骨远端骨折	股骨远端骨折	原始名称	2	discharge
肱骨干骨折	肱骨干骨折	原始名称	2	admission,discharge
肺动脉栓塞	肺动脉栓塞	原始名称	2	admission,discharge
肺性脑病	肺性脑病	原始名称	2	discharge
肺术后	肺术后	原始名称	2	admission,discharge
肺炎克雷伯杆菌感染	肺炎克雷伯杆菌感染	原始名称	2	discharge
肾上腺术后	肾上腺术后	原始名称	2	discharge
肾上腺皮质功能减退症	肾上腺皮质功能减退症	原始名称	2	admission,discharge
肾上腺皮质恶性肿瘤	肾上腺皮质恶性肿瘤	原始名称	2	admission,discharge
肾上腺皮质腺瘤	肾上腺皮质腺瘤	原始名称	2	admission,discharge
肾上腺结节性增生	肾上腺结节性增生	原始名称	2	discharge
肾性贫血(？)	肾性贫血	基础规范化	2	admission
肾术后	肾术后	原始名称	2	admission,discharge
肾炎综合征	肾炎综合征	原始名称	2	discharge
肾积水伴输尿管结石	肾积水伴输尿管结石	原始名称	2	admission,discharge
肾输尿管恶性肿瘤	肾输尿管恶性肿瘤	原始名称	2	admission,discharge
胃底静脉曲张	食管胃底静脉曲张	同义词映射	2	admission,discharge
胃恶性肿瘤(多发转移)	胃恶性肿瘤	基础规范化	2	admission
胃潴留	胃潴留	原始名称	2	discharge
胃造口状态	胃造口状态	原始名称	2	discharge
胆囊结石嵌顿	胆囊结石	同义词映射	2	admission,discharge
胆总管恶性肿瘤	胆总管恶性肿瘤	原始名称	2	admission,discharge
胆总管结石	胆总管结石	原始名称	2	admission,discharge
胆汁反流	胆汁反流	原始名称	2	discharge
胆管出血	胆管出血	原始名称	2	admission,discharge
胆管支架置入术后	胆管支架置入术后状态	同义词映射	2	admission,discharge
胆管梗阻	胆管梗阻	原始名称	2	admission,discharge
胆道恶性肿瘤	胆道恶性肿瘤	原始名称	2	admission,discharge
胚胎型横纹肌肉瘤	横纹肌肉瘤	同义词映射	2	admission
胰头肿块	胰头占位性病变	同义词映射	2	admission,discharge
胰尾恶性肿瘤	胰尾恶性肿瘤	原始名称	2	admission,discharge
胰腺囊肿	胰腺囊肿	原始名称	2	discharge
胸腔占位性病变	胸腔占位性病变	原始名称	2	admission,discharge
胸部脊髓损伤	脊髓损伤	同义词映射	2	admission,discharge
脉络丛恶性肿瘤	脉络丛恶性肿瘤	原始名称	2	admission,discharge
脊柱侧弯	脊柱侧弯	原始名称	2	discharge
脊柱血管瘤	脊柱血管瘤	原始名称	2	discharge
脊髓受压	脊髓受压	原始名称	2	admission,discharge
脑肿物	脑占位性病变	同义词映射	2	discharge
脑肿瘤切除史	脑肿瘤个人史	同义词映射	2	discharge
脱髓鞘性白质脑病	脱髓鞘性脑病	同义词映射	2	discharge
腋下淋巴结继发恶性肿瘤	腋下淋巴结继发恶性肿瘤	原始名称	2	discharge
腋窝恶性肿瘤	腋窝恶性肿瘤	原始名称	2	admission,discharge
腹主动脉夹层	腹主动脉夹层	原始名称	2	admission,discharge
腹壁皮肤继发恶性肿瘤	皮肤继发恶性肿瘤	同义词映射	2	discharge
腹股沟恶性肿瘤	腹股沟恶性肿瘤	原始名称	2	discharge
腹股沟淋巴结继发恶性肿瘤	腹股沟淋巴结继发恶性肿瘤	原始名称	2	discharge
腹胀	腹胀	原始名称	2	admission,discharge
腹腔内淋巴结继发性的恶性肿瘤	腹腔淋巴结继发恶性肿瘤	同义词映射	2	discharge
腹部食管恶性肿瘤	腹部食管恶性肿瘤	原始名称	2	discharge
膀胱周围炎	膀胱周围炎	原始名称	2	admission,discharge
膈膨升	膈膨升	原始名称	2	discharge
膝关节病	膝关节病	原始名称	2	discharge
膝关节积液	膝关节积液	原始名称	2	discharge
自身免疫性溶血性贫血	自身免疫性溶血性贫血	原始名称	2	admission,discharge
菌血症	菌血症	原始名称	2	discharge
营养性慢性贫血	营养性贫血	同义词映射	2	admission,discharge
血管性紫癜	血管性紫癜	原始名称	2	admission,discharge
贲门梗阻	贲门梗阻	原始名称	2	discharge
转移性小叶浸润性癌	转移性乳腺癌	同义词映射	2	admission
输尿管狭窄	输尿管狭窄	原始名称	2	admission,discharge
运动障碍	运动障碍	原始名称	2	discharge
进行性肌营养不良	进行性肌营养不良	原始名称	2	admission,discharge
酒精性肝硬化	酒精性肝硬化	原始名称	2	admission,discharge
重叠综合征，其他的	重叠综合征	基础规范化	2	admission
锁骨上继发恶性肿瘤	锁骨上继发恶性肿瘤	原始名称	2	admission,discharge
间质性瘤	间质性瘤	原始名称	2	admission,discharge
阑尾炎，其他的	阑尾炎	基础规范化	2	discharge
阴茎原位癌	阴茎原位癌	原始名称	2	admission
阴茎肿物	阴茎肿物	原始名称	2	admission,discharge
阴道外阴恶性肿瘤	外阴阴道恶性肿瘤	同义词映射	2	admission,discharge
阴道炎	阴道炎	原始名称	2	discharge
阴道肿物	阴道占位性病变	同义词映射	2	admission,discharge
附件继发恶性肿瘤	附件继发恶性肿瘤	原始名称	2	discharge
陈旧性前间壁心肌梗死	陈旧性心肌梗死	同义词映射	2	discharge
陈旧性股骨头骨折	股骨头骨折	同义词映射	2	admission,discharge
陈旧性骨盆骨折	骨盆骨折	同义词映射	2	discharge
难治性白血病	难治性白血病	原始名称	2	admission,discharge
静脉曲张	静脉曲张	原始名称	2	discharge
面单纯疱疹	面单纯疱疹	原始名称	2	admission,discharge
顶骨恶性肿瘤	顶骨恶性肿瘤	原始名称	2	admission,discharge
颅咽管肿瘤	颅咽管瘤	同义词映射	2	admission,discharge
颈总动脉斑块	颈动脉粥样硬化	同义词映射	2	admission
颈部局部肿物	颈部占位性病变	同义词映射	2	admission,discharge
颈部肿物	颈部占位性病变	同义词映射	2	admission,discharge
颌下淋巴结肿大	颌下淋巴结肿大	原始名称	2	admission,discharge
颌下腺恶性肿瘤	颌下腺恶性肿瘤	原始名称	2	admission,discharge
颌下间隙感染	颌面部间隙感染	同义词映射	2	admission,discharge
食管支架置入术后	食管支架置入术后状态	同义词映射	2	discharge
食管梗阻	食管梗阻	原始名称	2	admission,discharge
食管狭窄	食管狭窄	原始名称	2	admission,discharge
食管瘘	食管瘘	原始名称	2	discharge
食管胃底静脉曲张破裂出血	食管胃底静脉曲张破裂出血	原始名称	2	admission,discharge
骨质疏松	骨质疏松	原始名称	2	discharge
骨软骨瘤病	骨软骨瘤病	原始名称	2	admission
骨髓坏死	骨髓坏死	原始名称	2	admission,discharge
髂骨继发恶性肿瘤	髂骨继发恶性肿瘤	原始名称	2	discharge
高胆固醇血症	高胆固醇血症	原始名称	2	discharge
高血压急症	高血压急症	原始名称	2	admission,discharge
高血压病1级(中危)	高血压1级	同义词映射	2	discharge
高血压病3级(中危)	高血压3级	同义词映射	2	discharge
鼻腔继发恶性肿瘤	鼻腔继发恶性肿瘤	原始名称	2	discharge
2型糖尿病性酮症	糖尿病酮症	同义词映射	1	discharge
Ⅱ型糖原贮积症	Ⅱ型糖原贮积症	原始名称	1	discharge
三叉神经炎	三叉神经炎	原始名称	1	discharge
三叉神经痛	三叉神经痛	原始名称	1	discharge
上皮样细胞肉瘤	上皮样细胞肉瘤	原始名称	1	admission
上肢恶性肿瘤	上肢恶性肿瘤	原始名称	1	discharge
上肢骨折	上肢骨折	原始名称	1	discharge
下肢动脉血栓形成	下肢动脉血栓形成	原始名称	1	discharge
下肢局部肿物	下肢占位性病变	同义词映射	1	admission
下肢损伤	下肢损伤	原始名称	1	discharge
下肢静脉曲张(术后)	下肢静脉曲张	基础规范化	1	admission
不全性带状疱疹	不全性带状疱疹	原始名称	1	discharge
丘脑出血	脑出血	同义词映射	1	discharge
中性粒细胞减少症	中性粒细胞减少症	原始名称	1	discharge
中昏迷	昏迷	同义词映射	1	discharge
乙状结肠息肉	乙状结肠息肉	原始名称	1	discharge
乳房恶性肿瘤	乳腺恶性肿瘤	同义词映射	1	discharge
乳房结节	乳腺结节	同义词映射	1	discharge
乳腺恶性肿瘤(？)	乳腺恶性肿瘤	基础规范化	1	admission
乳腺炎	乳腺炎	原始名称	1	discharge
乳腺钙化	乳腺钙化	原始名称	1	admission
二尖瓣脱垂伴关闭不全	二尖瓣脱垂伴关闭不全	原始名称	1	discharge
亚临床甲状腺功能亢进	亚临床甲状腺功能亢进	原始名称	1	discharge
亚急性甲状腺炎	亚急性甲状腺炎	原始名称	1	discharge
亚急性髓系白血病	亚急性髓系白血病	原始名称	1	admission
人类免疫缺陷病毒\[HIV\]病造成的其他类型的非霍奇金淋巴瘤	人类免疫缺陷病毒\病造成的其他类型的非霍奇金淋巴瘤	基础规范化	1	discharge
人类免疫缺陷病毒\[HIV\]病造成的多发性恶性肿瘤	人类免疫缺陷病毒\病造成的多发性恶性肿瘤	基础规范化	1	discharge
伴环形铁粒幼红细胞的难治性贫血	骨髓增生异常综合征	同义词映射	1	discharge
侵袭性葡萄胎	侵袭性葡萄胎	原始名称	1	discharge
先天性多发性骨软骨瘤	先天性多发性骨软骨瘤	原始名称	1	discharge
先天性多发性骨软骨瘤病	骨软骨瘤病	同义词映射	1	discharge
先天性子宫缺失	先天性子宫缺失	原始名称	1	discharge
免疫缺陷	免疫缺陷	原始名称	1	discharge
全组鼻窦炎	鼻窦炎	同义词映射	1	discharge
具有心脏起搏器	心脏起搏器植入术后状态	同义词映射	1	discharge
冠状动脉搭桥术后	冠状动脉旁路移植术后状态	同义词映射	1	discharge
凝血障碍	凝血障碍	原始名称	1	admission
出血	出血	原始名称	1	discharge
出血性脑梗死	出血性脑梗死	原始名称	1	discharge
分支传导阻滞，其他的	分支传导阻滞	基础规范化	1	admission
创伤性失明	创伤性失明	原始名称	1	discharge
创伤性颅内出血	创伤性颅内出血	原始名称	1	discharge
创伤性颅内血肿	创伤性颅内血肿	原始名称	1	discharge
前体B细胞淋巴细胞白血病	前体B细胞急性淋巴细胞白血病	同义词映射	1	discharge
前体T细胞淋巴细胞白血病	前体T细胞急性淋巴细胞白血病	同义词映射	1	discharge
前列腺脓肿	前列腺脓肿	原始名称	1	discharge
副乳腺腺病	副乳腺腺病	原始名称	1	discharge
功能性腹泻	功能性腹泻	原始名称	1	discharge
动脉瘤	动脉瘤	原始名称	1	discharge
包裹性胸膜炎	胸膜炎	同义词映射	1	discharge
医源性糖尿病	医源性糖尿病	原始名称	1	discharge
十二指肠术后	十二指肠术后	原始名称	1	discharge
十二指肠肿瘤	十二指肠肿瘤	原始名称	1	discharge
单侧卵巢切除术后状态	单侧卵巢切除术后状态	原始名称	1	discharge
单侧肺气肿	单侧肺气肿	原始名称	1	discharge
单发性浆细胞骨髓瘤	浆细胞骨髓瘤	同义词映射	1	discharge
单纯性牙周炎	单纯性牙周炎	原始名称	1	discharge
卵巢原位癌	卵巢原位癌	原始名称	1	discharge
卵巢恶性肿瘤(？)	卵巢恶性肿瘤	基础规范化	1	admission
卵巢脓肿	卵巢脓肿	原始名称	1	discharge
卵巢黄体破裂	卵巢黄体破裂	原始名称	1	discharge
原发性干燥综合征肾损害	原发性干燥综合征肾损害	原始名称	1	discharge
双侧输卵管卵巢切除术后状态	双侧输卵管卵巢切除术后状态	原始名称	1	discharge
反酸	反酸	原始名称	1	discharge
受压区压疮	压疮	同义词映射	1	discharge
口恶性肿瘤	口腔恶性肿瘤	同义词映射	1	discharge
口腔粘膜其他的损害	口腔黏膜损害	同义词映射	1	discharge
口腔黏膜出血	口腔黏膜出血	原始名称	1	discharge
右眼失明	失明	同义词映射	1	admission
右肺下叶恶性肿瘤	肺恶性肿瘤	解剖方位归一	1	discharge
后天性胆囊缺失	胆囊切除术后状态	同义词映射	1	discharge
呼吸停止	呼吸停止	原始名称	1	discharge
呼吸道合胞病毒感染	呼吸道合胞病毒感染	原始名称	1	admission
呼吸道真菌感染	肺真菌感染	同义词映射	1	discharge
喉肿物	喉占位性病变	同义词映射	1	admission
喘息性支气管肺炎	支气管肺炎	同义词映射	1	discharge
嗳气	嗳气	原始名称	1	discharge
回盲部肿物	回盲部占位性病变	同义词映射	1	discharge
坏死性筋膜炎	坏死性筋膜炎	原始名称	1	admission
坐骨骨折	坐骨骨折	原始名称	1	discharge
外周T细胞淋巴瘤	外周T细胞淋巴瘤	原始名称	1	admission
外周T细胞淋巴瘤(非特指型)	外周T细胞淋巴瘤	基础规范化	1	discharge
外耳道脓肿	外耳道脓肿	原始名称	1	discharge
外阴尖锐湿疣	尖锐湿疣	同义词映射	1	discharge
多发性肝囊肿	肝囊肿	同义词映射	1	admission
多发性骨髓瘤(？)	多发性骨髓瘤	基础规范化	1	admission
多处骨折	多处骨折	原始名称	1	discharge
多重感染的肺炎	多重感染的肺炎	原始名称	1	discharge
大脑动脉粥样硬化	脑动脉粥样硬化	同义词映射	1	discharge
大脑后动脉狭窄	脑动脉狭窄	同义词映射	1	discharge
头、面和颈部结缔组织和其他软组织的良性肿瘤	头、面和颈部结缔组织和其他软组织的良性肿瘤	原始名称	1	discharge
头晕	头晕	原始名称	1	discharge
头部痈	头部痈	原始名称	1	discharge
女性盆腔炎性疾病	盆腔炎性疾病	同义词映射	1	discharge
女性盆腔炎性疾病，其他特指的	盆腔炎性疾病	同义词映射	1	discharge
妊娠合并高血压病	妊娠合并高血压	同义词映射	1	discharge
子宫内膜原位癌	子宫内膜原位癌	原始名称	1	discharge
子宫内膜囊肿	子宫内膜囊肿	原始名称	1	discharge
子宫内膜息肉	子宫内膜息肉	原始名称	1	discharge
子宫内膜样腺瘤	子宫内膜样腺瘤	原始名称	1	admission
子宫肿瘤	子宫肿瘤	原始名称	1	discharge
宫颈切除术后状态	宫颈切除术后状态	原始名称	1	discharge
宫颈炎性疾病	宫颈炎	同义词映射	1	admission
宫颈肥大	宫颈肥大	原始名称	1	discharge
宫颈褥疮性溃疡	宫颈溃疡	同义词映射	1	discharge
小细胞癌	小细胞癌	原始名称	1	admission
小脑出血	脑出血	同义词映射	1	discharge
小脑梗死	脑梗死	同义词映射	1	discharge
小脑角脂肪瘤	小脑角脂肪瘤	原始名称	1	discharge
少尿	少尿	原始名称	1	discharge
尖锐湿疣	尖锐湿疣	原始名称	1	discharge
尿急	尿急	原始名称	1	discharge
尿血	血尿	同义词映射	1	admission
尿频	尿频	原始名称	1	discharge
左后分支传导阻滞	左后分支传导阻滞	原始名称	1	admission
巨幼红细胞性贫血	巨幼细胞性贫血	同义词映射	1	discharge
布-加综合征[budd-chiari综合征]	布-加综合征	基础规范化	1	discharge
干燥综合征性中枢神经损害(？)	干燥综合征性中枢神经损害	基础规范化	1	admission
应激性溃疡伴出血	应激性溃疡伴出血	原始名称	1	discharge
应激性胃溃疡	应激性溃疡	同义词映射	1	discharge
异常子宫出血	异常子宫出血	原始名称	1	admission
异常的子宫和阴道出血	异常子宫出血	同义词映射	1	admission
弥漫性非霍奇金淋巴瘤	弥漫性非霍奇金淋巴瘤	原始名称	1	discharge
心力衰竭 心功能IV级(NYHA分级)	心力衰竭心功能IV级	基础规范化	1	admission
心功能IV级(NYHA分级)	心功能IV级	基础规范化	1	discharge
心律失常 Ⅰ度房室传导阻滞	心律失常Ⅰ度房室传导阻滞	基础规范化	1	admission
心律失常 窦性心动过缓 完全性左束支传导阻滞	心律失常窦性心动过缓完全性左束支传导阻滞	基础规范化	1	admission
心律失常(房性早搏 窦性心动过)	心律失常	基础规范化	1	admission
心律失常(窦性心动过缓)	心律失常	基础规范化	1	admission
心源性休克	心源性休克	原始名称	1	discharge
心脏术后	心脏术后	原始名称	1	discharge
心脏继发恶性肿瘤	心脏继发恶性肿瘤	原始名称	1	discharge
急性B淋巴细胞白血病	急性B淋巴细胞白血病	原始名称	1	admission
急性前列腺炎	急性前列腺炎	原始名称	1	discharge
急性化脓性中耳炎	急性化脓性中耳炎	原始名称	1	discharge
急性化脓性阑尾炎	急性化脓性阑尾炎	原始名称	1	discharge
急性双系白血病	急性双系白血病	原始名称	1	discharge
急性呼吸衰竭	急性呼吸衰竭	原始名称	1	discharge
急性失血性贫血	急性失血性贫血	原始名称	1	discharge
急性支气管炎	急性支气管炎	原始名称	1	discharge
急性早幼粒细胞性白血病，完全缓解	急性早幼粒细胞白血病	同义词映射	1	discharge
急性早幼粒细胞白血病(M3型)	急性早幼粒细胞白血病	基础规范化	1	discharge
急性淋巴细胞性白血病	急性淋巴细胞白血病	同义词映射	1	discharge
急性淋巴结炎	急性淋巴结炎	原始名称	1	discharge
急性白血病髓外复发	急性白血病复发	同义词映射	1	discharge
急性粒细胞性白血病	急性髓系白血病	同义词映射	1	discharge
急性糜烂性胃炎	急性糜烂性胃炎	原始名称	1	discharge
急性重症胰腺炎	急性重症胰腺炎	原始名称	1	discharge
急性颈部淋巴结炎	急性颈部淋巴结炎	原始名称	1	discharge
急性颈部淋巴结炎(高度怀疑)	急性颈部淋巴结炎	基础规范化	1	admission
恶性肿瘤免疫治疗后的随诊检查	恶性肿瘤治疗后随诊	治疗状态归一	1	discharge
恶性肿瘤化学治疗后的随诊检查	恶性肿瘤治疗后随诊	治疗状态归一	1	discharge
恶性肿瘤放射治疗后的随诊检查	恶性肿瘤治疗后随诊	治疗状态归一	1	discharge
恶性肿瘤术前化疗	恶性肿瘤术前化疗	原始名称	1	discharge
恶性肿瘤术后靶向治疗	恶性肿瘤靶向治疗	同义词映射	1	discharge
恶性肿瘤终末期治疗	恶性肿瘤终末期	治疗状态归一	1	admission
恶性胸腺瘤	胸腺瘤	同义词映射	1	admission
意识模糊	意识障碍	同义词映射	1	discharge
意识错乱	意识障碍	同义词映射	1	admission
慢性中耳炎	慢性中耳炎	原始名称	1	discharge
慢性再生障碍性贫血	慢性再生障碍性贫血	原始名称	1	discharge
慢性呼吸衰竭(II型呼吸衰竭)	慢性呼吸衰竭	基础规范化	1	discharge
慢性失血性贫血	慢性失血性贫血	原始名称	1	discharge
慢性女性盆腔炎	盆腔炎	同义词映射	1	discharge
慢性气管支气管炎	慢性支气管炎	同义词映射	1	discharge
慢性浅表性胃炎(伴糜烂)	慢性胃炎	同义词映射	1	admission
慢性牙周炎	慢性牙周炎	原始名称	1	discharge
慢性粒细胞性白血病伴缓解(急淋变)	慢性粒细胞性白血病伴缓解	基础规范化	1	discharge
慢性粒细胞白血病t(9:22)(q34；q11)	慢性粒细胞白血病t	基础规范化	1	discharge
慢性肝衰竭	慢性肝衰竭	原始名称	1	discharge
慢性肾炎	慢性肾炎	原始名称	1	discharge
慢性肾脏病5期	慢性肾脏病5期	原始名称	1	discharge
慢性肾衰竭	慢性肾衰竭	原始名称	1	discharge
慢性阻塞性肺疾病	慢性阻塞性肺疾病	原始名称	1	admission
慢性阻塞性肺疾病IV级	慢性阻塞性肺疾病	同义词映射	1	discharge
慢性顽固性疼痛	慢性疼痛	同义词映射	1	discharge
慢性骨髓增殖性疾病(不能分型)	慢性骨髓增殖性疾病	基础规范化	1	admission
截瘫[双下肢瘫痪]	截瘫	基础规范化	1	discharge
扁桃体恶性肿瘤	扁桃体恶性肿瘤	原始名称	1	admission
扁桃体炎	扁桃体炎	原始名称	1	discharge
手术后切口愈合不良	手术后切口愈合不良	原始名称	1	discharge
手术后切口感染	手术后切口感染	原始名称	1	discharge
拇指不全切断	拇指离断伤	同义词映射	1	discharge
操作后伤口积液	操作后伤口积液	原始名称	1	discharge
支气管和肺原位癌	支气管和肺原位癌	原始名称	1	discharge
放射治疗史	放射治疗史	原始名称	1	discharge
新生儿幽门痉挛	新生儿幽门痉挛	原始名称	1	discharge
月经紊乱	月经紊乱	原始名称	1	discharge
桥本甲状腺毒症	桥本甲状腺炎	同义词映射	1	discharge
椎管内肿物	椎管内占位性病变	同义词映射	1	discharge
残胃出血	残胃出血	原始名称	1	discharge
毛囊炎	毛囊炎	原始名称	1	discharge
气管狭窄	气管狭窄	原始名称	1	admission
气管继发恶性肿瘤	气管继发恶性肿瘤	原始名称	1	admission
气胸(左肺)	气胸	基础规范化	1	admission
泌尿系统疾患	泌尿系统疾患	原始名称	1	discharge
流行性感冒	流行性感冒	原始名称	1	discharge
浸润型肺结核，未做细菌学和组织学检查	浸润型肺结核	基础规范化	1	discharge
浸润性导管癌	乳腺浸润性导管癌	同义词映射	1	discharge
消化不良	消化不良	原始名称	1	discharge
淋巴回流障碍	淋巴回流障碍	原始名称	1	discharge
淋巴浆细胞淋巴瘤	淋巴浆细胞淋巴瘤	原始名称	1	discharge
淋巴瘤(？)	淋巴瘤	基础规范化	1	admission
淋巴结病	淋巴结病	原始名称	1	admission
淋巴肉瘤	淋巴肉瘤	原始名称	1	discharge
滑膜炎	滑膜炎	原始名称	1	discharge
牙痛	牙痛	原始名称	1	discharge
牙龈血肿	牙龈血肿	原始名称	1	discharge
甲状腺良性肿瘤	甲状腺良性肿瘤	原始名称	1	discharge
甲癣	甲癣	原始名称	1	discharge
电解质紊乱(低钾血症 低钠血症)	电解质紊乱	基础规范化	1	admission
畸胎瘤	畸胎瘤	原始名称	1	discharge
疱疹病毒感染	疱疹病毒感染	原始名称	1	discharge
病毒性感染	病毒感染	同义词映射	1	discharge
病理性骨折，不可归类在他处者	病理性骨折	同义词映射	1	discharge
痛风	痛风	原始名称	1	discharge
癌性淋巴管炎	癌性淋巴管炎	原始名称	1	discharge
癫痫小发作[典型失神发作]	癫痫小发作	基础规范化	1	discharge
癫痫样发作	癫痫样发作	原始名称	1	admission
白内障术后(大泡性无晶状体的)角膜病变	白内障术后角膜病变	基础规范化	1	discharge
白内障术后玻璃体综合征	白内障术后玻璃体综合征	原始名称	1	discharge
白细胞分类计数异常	白细胞异常	同义词映射	1	admission
白细胞异常	白细胞异常	原始名称	1	discharge
皮肤感染性窦道	皮肤感染性窦道	原始名称	1	discharge
皮肤纤维肉瘤	皮肤纤维肉瘤	原始名称	1	admission
直肠乙状结肠炎	直肠乙状结肠炎	原始名称	1	discharge
直肠膀胱阴道瘘	直肠膀胱阴道瘘	原始名称	1	discharge
眼睑水肿	眼睑水肿	原始名称	1	discharge
睾丸炎	睾丸炎	原始名称	1	discharge
神经痛	神经痛	原始名称	1	discharge
神经胶质瘤	神经胶质瘤	原始名称	1	admission
神经节细胞瘤	神经节细胞瘤	原始名称	1	admission
窦性静止	窦性静止	原始名称	1	admission
精索鞘膜积液	精索鞘膜积液	原始名称	1	discharge
糖尿病性酮症	糖尿病酮症	同义词映射	1	discharge
紫癜	紫癜	原始名称	1	admission
细菌性感染	细菌感染	同义词映射	1	discharge
细菌性阴道炎	细菌性阴道炎	原始名称	1	discharge
结外NK/T细胞淋巴瘤(鼻型)	结外NK/T细胞淋巴瘤	基础规范化	1	discharge
结核性胸膜炎	结核性胸膜炎	原始名称	1	discharge
结缔组织恶性肿瘤	结缔组织恶性肿瘤	原始名称	1	discharge
结缔组织炎	结缔组织炎	原始名称	1	discharge
结肠吻合口炎	结肠吻合口炎	原始名称	1	discharge
结肠息肉(EMR+APC+内镜)	结肠息肉	基础规范化	1	admission
结肠积气	结肠积气	原始名称	1	discharge
结膜炎	结膜炎	原始名称	1	discharge
继发性干燥综合征	干燥综合征	同义词映射	1	discharge
继发性肺结核	继发性肺结核	原始名称	1	discharge
继发性血小板减少	继发性血小板减少	原始名称	1	discharge
继发性血小板增多症	继发性血小板增多症	原始名称	1	discharge
维生素B12缺乏症	维生素B12缺乏	同义词映射	1	discharge
缺血性心脏病	冠状动脉粥样硬化性心脏病	同义词映射	1	discharge
耐多种抗生素的菌株	多重耐药菌感染	同义词映射	1	discharge
耳聋	耳聋	原始名称	1	admission
耳部肿物	耳部占位性病变	同义词映射	1	discharge
耳鸣	耳鸣	原始名称	1	discharge
聋哑症	聋哑症	原始名称	1	discharge
肋骨多处骨折	肋骨骨折	同义词映射	1	discharge
肋骨恶性肿瘤	肋骨恶性肿瘤	原始名称	1	discharge
肋骨肿瘤	肋骨肿瘤	原始名称	1	admission
肌张力障碍	肌张力障碍	原始名称	1	discharge
肌腱损伤	肌腱损伤	原始名称	1	discharge
肛门周围溃疡	肛门周围溃疡	原始名称	1	discharge
肛门直肠瘘	肛门直肠瘘	原始名称	1	discharge
肝内及肝外胆管恶性肿瘤	胆道恶性肿瘤	同义词映射	1	discharge
肝功能异常	肝功能异常	原始名称	1	admission
肝功能检查的异常结果	肝功能异常	同义词映射	1	discharge
肝囊性病	肝囊性病	原始名称	1	discharge
肝外胆管恶性肿瘤	肝外胆管恶性肿瘤	原始名称	1	discharge
肝性胸水	肝性胸水	原始名称	1	admission
肝硬化伴胃底静脉曲张	肝硬化伴食管胃底静脉曲张	同义词映射	1	discharge
肝硬化伴胃底静脉曲张破裂出血	食管胃底静脉曲张破裂出血	同义词映射	1	discharge
肝硬化伴食管静脉曲张破裂出血	食管胃底静脉曲张破裂出血	同义词映射	1	admission
肝结节	肝结节	原始名称	1	discharge
肝继发恶性肿瘤(？)	肝继发恶性肿瘤	基础规范化	1	admission
肝门淋巴结肿大	肝门淋巴结肿大	原始名称	1	discharge
肠坏死	肠坏死	原始名称	1	discharge
肠梗阻(？)	肠梗阻	基础规范化	1	admission
肠破裂	肠破裂	原始名称	1	discharge
肠系膜动脉栓塞伴肠坏死	肠系膜动脉栓塞伴肠坏死	原始名称	1	discharge
股静脉血栓形成	股静脉血栓形成	原始名称	1	discharge
股骨头无菌性坏死	股骨头缺血性坏死	同义词映射	1	discharge
股骨转子间骨折	股骨转子间骨折	原始名称	1	discharge
肩周炎	肩周炎	原始名称	1	discharge
肩胛骨恶性肿瘤	肩胛骨恶性肿瘤	原始名称	1	discharge
肱骨破坏	肱骨破坏	原始名称	1	discharge
肺不张(左肺)	肺不张	基础规范化	1	admission
肺大泡	肺大疱	基础规范化	1	admission
肺恶性肿瘤(高度可疑)	肺恶性肿瘤	基础规范化	1	admission
肺脓肿不伴有肺炎	肺脓肿	同义词映射	1	discharge
肾上腺囊肿	肾上腺囊肿	原始名称	1	discharge
肾上腺增生	肾上腺增生	原始名称	1	discharge
肾上腺增粗	肾上腺增生	同义词映射	1	discharge
肾上腺炎	肾上腺炎	原始名称	1	discharge
肾上腺皮质腺癌	肾上腺皮质癌	同义词映射	1	admission
肾占位性病变(？)	肾占位性病变	基础规范化	1	admission
肾盂囊肿	肾盂囊肿	原始名称	1	discharge
肾盂继发恶性肿瘤	肾盂继发恶性肿瘤	原始名称	1	discharge
肾结石伴有输尿管结石	肾结石伴输尿管结石	同义词映射	1	discharge
肾肥大	肾肥大	原始名称	1	discharge
肿瘤内分泌治疗	恶性肿瘤内分泌治疗	同义词映射	1	discharge
胃底静脉曲张伴出血	食管胃底静脉曲张破裂出血	同义词映射	1	discharge
胃痛	胃痛	原始名称	1	admission
胃癌伴出血	胃恶性肿瘤	同义词映射	1	discharge
胃肠吻合口狭窄	胃肠吻合口狭窄	原始名称	1	discharge
胃肠道继发恶性肿瘤	胃肠道继发恶性肿瘤	原始名称	1	discharge
胃胀气	胃胀气	原始名称	1	discharge
胃造口维护	胃造口状态	同义词映射	1	discharge
胃错构瘤	胃错构瘤	原始名称	1	discharge
胆囊内胆汁淤积	胆汁淤积症	同义词映射	1	admission
胆囊结石不伴有胆囊炎	胆囊结石	同义词映射	1	discharge
胆囊肥大	胆囊肥大	原始名称	1	discharge
胆囊肿物	胆囊占位性病变	同义词映射	1	discharge
胆囊肿瘤	胆囊肿瘤	原始名称	1	discharge
胆总管梗阻	胆总管梗阻	原始名称	1	discharge
胰源性腹泻	胰源性腹泻	原始名称	1	discharge
胰腺原位癌	胰腺原位癌	原始名称	1	admission
胰腺坏死	胰腺坏死	原始名称	1	discharge
胰腺萎缩	胰腺萎缩	原始名称	1	discharge
胸内淋巴结继发恶性肿瘤	胸内淋巴结继发恶性肿瘤	原始名称	1	admission
胸椎压缩性骨折	胸椎压缩性骨折	原始名称	1	discharge
胸腔继发恶性肿瘤	胸腔继发恶性肿瘤	原始名称	1	discharge
胸腺瘤	胸腺瘤	原始名称	1	admission
胸部损伤	胸部损伤	原始名称	1	discharge
胸闷	胸闷	原始名称	1	discharge
胸骨恶性肿瘤	胸骨恶性肿瘤	原始名称	1	discharge
脉络膜恶性肿瘤	脉络膜恶性肿瘤	原始名称	1	discharge
脊柱肿瘤	脊柱肿瘤	原始名称	1	discharge
脐部感染	脐部感染	原始名称	1	discharge
脑内出血后遗症	脑内出血后遗症	原始名称	1	discharge
脑出血恢复期	脑出血恢复期	原始名称	1	discharge
脑坏死	脑坏死	原始名称	1	discharge
脑血管疾病，其他特指的	脑血管疾病	基础规范化	1	discharge
脑软化灶	脑软化灶	原始名称	1	discharge
脾术后	脾术后	原始名称	1	discharge
脾静脉栓塞	脾静脉血栓形成	同义词映射	1	discharge
腋脓肿	腋脓肿	原始名称	1	discharge
腮腺区肿物	腮腺区占位性病变	同义词映射	1	discharge
腰椎恶性肿瘤	腰椎恶性肿瘤	原始名称	1	discharge
腰背肌筋膜炎	腰背肌筋膜炎	原始名称	1	discharge
腹主动脉瘤，未提及破裂	腹主动脉瘤	同义词映射	1	discharge
腹内淋巴结继发恶性肿瘤	腹腔淋巴结继发恶性肿瘤	同义词映射	1	discharge
腹壁开放性伤口	腹壁开放性伤口	原始名称	1	discharge
腹股沟斜疝	腹股沟斜疝	原始名称	1	discharge
腹股沟术后	腹股沟术后	原始名称	1	discharge
腹股沟直疝	腹股沟直疝	原始名称	1	discharge
腹股沟肿物	腹股沟占位性病变	同义词映射	1	admission
腹腔囊肿	腹腔囊肿	原始名称	1	discharge
腹腔感染(全身炎症反应综合征)	腹腔感染	基础规范化	1	admission
腹腔积血	腹腔积血	原始名称	1	discharge
腹膜后腔恶性肿瘤	腹膜后腔恶性肿瘤	原始名称	1	discharge
腹膜恶性肿瘤	腹膜恶性肿瘤	原始名称	1	discharge
腹膜肿瘤	腹膜肿瘤	原始名称	1	discharge
膀胱小肠瘘	膀胱小肠瘘	原始名称	1	discharge
膀胱憩室	膀胱憩室	原始名称	1	discharge
膀胱阴道瘘	膀胱阴道瘘	原始名称	1	discharge
膈淋巴结继发恶性肿瘤	膈淋巴结继发恶性肿瘤	原始名称	1	discharge
膜性肾病	膜性肾病	原始名称	1	discharge
膝关节损伤	膝关节损伤	原始名称	1	discharge
膝关节骨髓炎	膝关节骨髓炎	原始名称	1	discharge
臀部肿物	臀部占位性病变	同义词映射	1	discharge
自体造血干细胞移植状态	自体造血干细胞移植状态	原始名称	1	discharge
自发性气胸	自发性气胸	原始名称	1	discharge
自发性腹膜炎	自发性腹膜炎	原始名称	1	discharge
良性阵发性位置性眩晕	良性阵发性位置性眩晕	原始名称	1	discharge
药物性周围神经病	药物性周围神经病	原始名称	1	discharge
药物性肝炎	药物性肝炎	原始名称	1	discharge
药物性胃炎	药物性胃炎	原始名称	1	discharge
药物流产术后	药物流产术后	原始名称	1	discharge
获得性联合免疫缺陷	获得性联合免疫缺陷	原始名称	1	discharge
获得性肾囊肿	肾囊肿	同义词映射	1	discharge
葡萄胎术后	葡萄胎术后	原始名称	1	admission
蛛网膜下腔出血治疗后随诊检查	蛛网膜下腔出血治疗后随诊	同义词映射	1	discharge
血小板功能不全	血小板功能不全	原始名称	1	discharge
血性腹水	血性腹水	原始名称	1	discharge
贲门溃疡	贲门溃疡	原始名称	1	discharge
躯干肿物	躯干占位性病变	同义词映射	1	admission
转移性肿瘤	转移性肿瘤	原始名称	1	admission
转移性肿瘤(乙状结肠)	转移性肿瘤	基础规范化	1	admission
软骨良性肿瘤	软骨良性肿瘤	原始名称	1	admission
轻度营养不良	营养不良	同义词映射	1	discharge
输卵管绝育	输卵管绝育	原始名称	1	discharge
输液港取出	输液港取出术后	同义词映射	1	discharge
过敏性紫癜性肾炎	过敏性紫癜性肾炎	原始名称	1	discharge
造血干细胞移植状态	造血干细胞移植状态	原始名称	1	discharge
锁骨上淋巴结肿大	锁骨上淋巴结肿大	原始名称	1	discharge
锁骨下淋巴结继发恶性肿瘤	锁骨下淋巴结继发恶性肿瘤	原始名称	1	discharge
锁骨继发恶性肿瘤	锁骨继发恶性肿瘤	原始名称	1	discharge
门脉高压性胃病	门脉高压性胃病	原始名称	1	discharge
门静脉血栓形成	门静脉血栓形成	原始名称	1	discharge
门静脉高压(TIPS术后)	门静脉高压	基础规范化	1	admission
闭合性颅脑损伤轻型	闭合性颅脑损伤	同义词映射	1	discharge
阴道前后壁脱垂	阴道前后壁脱垂	原始名称	1	discharge
阴道溃疡	阴道溃疡	原始名称	1	discharge
阵发性夜间血红蛋白尿［马尔基亚法瓦-米凯利］	阵发性睡眠性血红蛋白尿	同义词映射	1	discharge
阵发性室性心动过速	阵发性室性心动过速	原始名称	1	discharge
阿尔茨海默病	阿尔茨海默病	原始名称	1	discharge
附件肿物	附件占位性病变	同义词映射	1	discharge
陈旧性前壁心肌梗死	陈旧性心肌梗死	同义词映射	1	discharge
陈旧性股骨骨折	股骨骨折	同义词映射	1	discharge
陈旧性脑出血	陈旧性脑出血	原始名称	1	discharge
陈旧性腰椎骨折	陈旧性腰椎骨折	原始名称	1	discharge
难治性抑郁症	难治性抑郁症	原始名称	1	discharge
霍奇金淋巴瘤	霍奇金淋巴瘤	原始名称	1	discharge
静脉曲张术后	静脉曲张术后	原始名称	1	discharge
面部软组织挫伤	面部软组织挫伤	原始名称	1	discharge
顶枕叶脑出血	脑出血	同义词映射	1	discharge
颈椎椎管狭窄	颈椎椎管狭窄	原始名称	1	discharge
颈淋巴瘤(？)	颈淋巴瘤	基础规范化	1	admission
颈淋巴结炎	颈部淋巴结炎	同义词映射	1	discharge
颈部淋巴水肿	颈部淋巴水肿	原始名称	1	discharge
颌下淋巴结继发恶性肿瘤	颌下淋巴结继发恶性肿瘤	原始名称	1	discharge
频发性房性期前收缩	频发性房性期前收缩	原始名称	1	discharge
额顶叶脑出血	脑出血	同义词映射	1	admission
风湿病	风湿病	原始名称	1	discharge
食管原位癌	食管原位癌	原始名称	1	discharge
食管息肉	食管息肉	原始名称	1	discharge
食管恶性肿瘤(？)	食管恶性肿瘤	基础规范化	1	admission
食管纵隔瘘	食管纵隔瘘	原始名称	1	discharge
食管继发恶性肿瘤	食管继发恶性肿瘤	原始名称	1	discharge
食管胸腔瘘	食管胸腔瘘	原始名称	1	discharge
骨内高分化骨肉瘤	骨肉瘤	同义词映射	1	admission
骨和骨髓继发性恶性肿瘤	骨和骨髓继发恶性肿瘤	同义词映射	1	discharge
骨结核	骨结核	原始名称	1	discharge
骨质增生	骨质增生	原始名称	1	discharge
骨质疏松症	骨质疏松	同义词映射	1	admission
骨软骨瘤(术后复发)	骨软骨瘤	基础规范化	1	admission
骨髓抑制性贫血	骨髓抑制性贫血	原始名称	1	discharge
骨髓炎	骨髓炎	原始名称	1	discharge
骨髓移植排斥	骨髓移植排斥反应	同义词映射	1	admission
骨髓纤维化伴髓样化生	骨髓纤维化	同义词映射	1	discharge
骶骨恶性肿瘤	骶骨恶性肿瘤	原始名称	1	discharge
骶骨骨折	骶骨骨折	原始名称	1	discharge
髋关节痛	髋关节痛	原始名称	1	admission
髋关节积液	髋关节积液	原始名称	1	discharge
髋部肿物	髋部占位性病变	同义词映射	1	admission
髓样肉瘤	髓样肉瘤	原始名称	1	discharge
高乳酸血症	高乳酸血症	原始名称	1	discharge
高同型半胱氨酸血症	高同型半胱氨酸血症	原始名称	1	admission
高甘油三酯血症	高甘油三酯血症	原始名称	1	discharge
高磷血症	高磷血症	原始名称	1	discharge
高血压脑出血	高血压性脑出血	同义词映射	1	discharge
黑色素痣	黑色素痣	原始名称	1	discharge
鼻损伤	鼻损伤	原始名称	1	discharge
鼻真菌病	鼻真菌病	原始名称	1	admission
鼻腔淋巴瘤	鼻腔淋巴瘤	原始名称	1	discharge
鼻骨骨折	鼻骨骨折	原始名称	1	discharge
