standard_name	frequency	icd10_code	icd10_name	match_method	match_score
肺恶性肿瘤	4172	C34.901	支气管和肺恶性肿瘤	人工覆盖	100.0
恶性肿瘤终末期	4038	C80.x01	恶性肿瘤	人工覆盖	100.0
脑梗死	1941	I63.901	脑梗死	人工覆盖	100.0
淋巴结继发恶性肿瘤	1731	C77.901	淋巴结继发性恶性肿瘤	人工覆盖	100.0
肺气肿	1225	J43.901	肺气肿	人工覆盖	100.0
骨继发恶性肿瘤	1212	C79.501	骨继发性恶性肿瘤	人工覆盖	100.0
胸腔积液	974	J90.x01	胸腔积液	人工覆盖	100.0
脑继发恶性肿瘤	709	C79.301	脑继发性恶性肿瘤	人工覆盖	100.0
慢性乙型病毒性肝炎	699	K73.901	慢性乙型病毒性肝炎	人工覆盖	100.0
肺继发恶性肿瘤	671	C78.001	肺继发性恶性肿瘤	人工覆盖	100.0
慢性胃炎	660	K29.501	慢性胃炎	人工覆盖	100.0
低蛋白血症	577	E46.x01	低蛋白血症	人工覆盖	100.0
脂肪肝	566	K76.001	脂肪肝	人工覆盖	100.0
急性髓系白血病	543	C92.001	急性髓细胞白血病	人工覆盖	100.0
乳腺恶性肿瘤	515	C50.901	乳房恶性肿瘤	人工覆盖	100.0
胆囊结石	448	K80.101	胆囊结石	人工覆盖	100.0
胆囊炎	418	K81.001	胆囊炎	人工覆盖	100.0
肾囊肿	347	N28.101	肾囊肿	人工覆盖	100.0
多发性骨髓瘤	330	C90.002	多发性骨髓瘤	人工覆盖	100.0
贫血	323	D64.901	贫血	人工覆盖	100.0
肝硬化	316	K74.601	肝硬化	人工覆盖	100.0
心律失常	304	I49.901	心律失常	人工覆盖	100.0
窦性心动过速	296	R00.001	心动过速	人工覆盖	100.0
贲门恶性肿瘤	289	C16.001	贲门恶性肿瘤	人工覆盖	100.0
2型糖尿病	288	E11.901	2型糖尿病	人工覆盖	100.0
心力衰竭	283	I50.907	心力衰竭	人工覆盖	100.0
肾恶性肿瘤	218	C64.x01	肾恶性肿瘤	人工覆盖	100.0
慢性阻塞性肺疾病	198	J44.901	慢性阻塞性肺疾病	人工覆盖	100.0
疼痛	192	R52.901	疼痛	人工覆盖	100.0
高血压3级	182	I10.x02	高血压	人工覆盖	100.0
胆管恶性肿瘤	175	C24.001	胆管恶性肿瘤	人工覆盖	100.0
弥漫大B细胞淋巴瘤	163	C83.301	弥漫大B细胞淋巴瘤	人工覆盖	100.0
肾结石	160	N20.001	肾结石	人工覆盖	100.0
恶性肿瘤免疫治疗	154	Z51.802	恶性肿瘤免疫治疗	人工覆盖	100.0
心房颤动	152	I48.x01	心房颤动	人工覆盖	100.0
子宫内膜恶性肿瘤	146	C54.101	子宫内膜恶性肿瘤	人工覆盖	100.0
肾功能不全	146	N19.x01	肾功能不全	人工覆盖	100.0
喉恶性肿瘤	138	C32.901	喉恶性肿瘤	人工覆盖	100.0
窦性心动过缓	136	R00.101	心动过缓	人工覆盖	100.0
恶性肿瘤靶向治疗	130	Z51.801	恶性肿瘤靶向治疗	人工覆盖	100.0
慢性粒细胞白血病	115	C92.101	慢性粒细胞白血病	人工覆盖	100.0
胆囊恶性肿瘤	115	C23.x01	胆囊恶性肿瘤	人工覆盖	100.0
结肠恶性肿瘤	101	C18.901	结肠恶性肿瘤	人工覆盖	100.0
骨髓增殖性肿瘤	88	D47.101	慢性骨髓增殖性疾病	人工覆盖	100.0
恶性肿瘤化学治疗	84	Z51.101	恶性肿瘤化学治疗	人工覆盖	100.0
非霍奇金淋巴瘤	78	C85.901	非霍奇金淋巴瘤	人工覆盖	100.0
恶性肿瘤内分泌治疗	69	Z51.803	恶性肿瘤内分泌治疗	人工覆盖	100.0
高血压2级	67	I10.x02	高血压	人工覆盖	100.0
恶性肿瘤放射治疗	63	Z51.001	恶性肿瘤放射治疗	人工覆盖	100.0
慢性淋巴细胞白血病	54	C91.101	慢性淋巴细胞白血病	人工覆盖	100.0
骨髓增生异常综合征	50	D46.901	骨髓增生异常综合征	人工覆盖	100.0
冠状动脉粥样硬化性心脏病	48	I25.103	冠状动脉粥样硬化性心脏病	人工覆盖	100.0
恶性肿瘤	42	C80.x01	恶性肿瘤	人工覆盖	100.0
高血压1级	35	I10.x02	高血压	人工覆盖	100.0
鼻咽恶性肿瘤	33	C11.901	鼻咽恶性肿瘤	人工覆盖	100.0
蛛网膜下腔出血	26	I60.901	蛛网膜下腔出血	人工覆盖	100.0
脑出血	17	I61.901	脑出血	人工覆盖	100.0
霍奇金淋巴瘤	11	C81.901	霍奇金淋巴瘤	人工覆盖	100.0
肝恶性肿瘤	6	C22.901	肝恶性肿瘤	人工覆盖	100.0
死亡	5	R99.x01	死亡	人工覆盖	100.0
胃恶性肿瘤	3	C16.901	胃恶性肿瘤	人工覆盖	100.0
高血压急症	2	I10.x03	高血压急症	人工覆盖	100.0
卵巢恶性肿瘤	1	C56.x01	卵巢恶性肿瘤	人工覆盖	100.0
急性淋巴细胞白血病	1	C91.001	急性淋巴细胞白血病	人工覆盖	100.0
食管恶性肿瘤	1	C15.901	食管恶性肿瘤	人工覆盖	100.0
高血压性脑出血	1	I10.x04x001	高血压性脑出血	人工覆盖	100.0
恶性胸腔积液	398	J94.808	胸腔积液	子串匹配	66.7
重型再生障碍性贫血	323	D61.905	再生障碍性贫血	子串匹配	77.8
盆腔积液	266	N94.804	女性盆腔积液	子串匹配	66.7
不完全性右束支传导阻滞	101	I45.103	右束支传导阻滞	子串匹配	63.6
恶性黑色素瘤	90	C43.002	唇恶性黑色素瘤	子串匹配	85.7
双肺恶性肿瘤	76	C34.901	肺恶性肿瘤	子串匹配	83.3
原发性骨髓纤维化	71	D47.101	骨髓纤维化	子串匹配	62.5
支气管扩张伴感染	67	J47  01	支气管扩张	子串匹配	62.5
慢性丙型病毒性肝炎	66	B17.101	丙型病毒性肝炎	子串匹配	77.8
腹部恶性肿瘤	66	M80000/3	恶性肿瘤	子串匹配	66.7
心肌缺血	61	I25.102	急性心肌缺血	子串匹配	66.7
白细胞减少	56	D70  01	白细胞减少症	子串匹配	83.3
双侧乳腺恶性肿瘤	52	C50.906	乳腺恶性肿瘤	子串匹配	75.0
下肢静脉曲张	49	I83.002	下肢静脉曲张伴溃疡	子串匹配	66.7
胆囊切除术后状态	48	Z98.801	胆囊切除术后	子串匹配	75.0
肝胆管恶性肿瘤	42	C24.001	胆管恶性肿瘤	子串匹配	85.7
完全性右束支传导阻滞	40	I45.103	右束支传导阻滞	子串匹配	70.0
银屑病	36	L41.901	类银屑病	子串匹配	75.0
胰腺恶性肿瘤个人史	33	C25.901	胰腺恶性肿瘤	子串匹配	66.7
纵隔淋巴结肿大	30	R59.901	淋巴结肿大	子串匹配	71.4
慢性阻塞性肺疾病急性加重	29	J44.901	慢性阻塞性肺疾病	子串匹配	66.7
纯红细胞再生障碍	27	D60.901	单纯红细胞再生障碍性贫血	子串匹配	66.7
肺恶性肿瘤个人史	26	C34.901	肺恶性肿瘤	子串匹配	62.5
肝衰竭	25	K72.002	急性肝衰竭	子串匹配	60.0
骨肉瘤	24	C40.205	胫骨肉瘤	子串匹配	75.0
盆腔淋巴结肿大	23	R59.901	淋巴结肿大	子串匹配	71.4
腮腺恶性肿瘤个人史	23	C07  01	腮腺恶性肿瘤	子串匹配	66.7
十二指肠憩室	20	K57.104	十二指肠憩室炎	子串匹配	85.7
冠状动脉粥样硬化	18	I25.104	冠状动脉粥样硬化(狭窄)	子串匹配	66.7
脑动脉狭窄	18	I77.101	动脉狭窄	子串匹配	80.0
真性红细胞增多症	17	C94.003	红细胞增多症	子串匹配	75.0
肺间质纤维化	17	J84.107	弥漫性肺间质纤维化	子串匹配	66.7
脊髓灰质炎后遗症	17	O98.804	妊娠并脊髓灰质炎后遗症	子串匹配	72.7
Ⅰ度房室传导阻滞	16	I44.302	房室传导阻滞	子串匹配	75.0
口腔恶性肿瘤	16	M80000/3	恶性肿瘤	子串匹配	66.7
T细胞淋巴瘤	14	M97002/3	皮肤T细胞淋巴瘤	子串匹配	75.0
继发性骨髓纤维化	14	D47.101	骨髓纤维化	子串匹配	62.5
肋骨继发恶性肿瘤	14	C79.501	骨继发恶性肿瘤	子串匹配	87.5
肠道恶性肿瘤	14	C26.901	胃肠道恶性肿瘤	子串匹配	85.7
腹膜后淋巴结继发恶性肿瘤	14	C77.901	淋巴结继发恶性肿瘤	子串匹配	75.0
EB病毒感染	13	B34.901	病毒感染	子串匹配	66.7
下颌恶性肿瘤	13	M80000/3	恶性肿瘤	子串匹配	66.7
真菌感染	12	B49.013	肺部真菌感染	子串匹配	66.7
肝静脉血栓形成	12	I82.902	静脉血栓形成	子串匹配	85.7
宫颈炎	11	N72  02	子宫颈炎	子串匹配	75.0
蝶窦炎	11	J01.301	急性蝶窦炎	子串匹配	60.0
颈部淋巴结肿大	11	R59.901	淋巴结肿大	子串匹配	71.4
心动过缓	10	R00.101	窦性心动过缓	子串匹配	66.7
急性骨髓纤维化	10	D47.101	骨髓纤维化	子串匹配	71.4
胰恶性肿瘤	10	M80000/3	恶性肿瘤	子串匹配	80.0
胸部恶性肿瘤	10	M80000/3	恶性肿瘤	子串匹配	66.7
食管裂孔疝	10	Q40.101	先天性食管裂孔疝	子串匹配	62.5
盆腔淋巴结继发恶性肿瘤	9	C77.901	淋巴结继发恶性肿瘤	子串匹配	81.8
髋关节置换术后状态	9	Z96.601	髋关节置换术	子串匹配	66.7
鼻咽恶性肿瘤个人史	9	C11.901	鼻咽恶性肿瘤	子串匹配	66.7
大细胞髓母细胞瘤	8	M94700/3	髓母细胞瘤	子串匹配	62.5
更年期综合征	8	N50.818	男性更年期综合征	子串匹配	75.0
枕骨恶性肿瘤	8	C41.901	骨恶性肿瘤	子串匹配	83.3
白细胞增多	8	D72.801	白细胞增多症	子串匹配	83.3
粒细胞缺乏	8	D70  02	急性粒细胞缺乏症	子串匹配	62.5
肾衰竭	8	I50.912	心肾衰竭	子串匹配	75.0
重型地中海贫血	8	D56.901	地中海贫血	子串匹配	71.4
颈部恶性肿瘤	8	M80000/3	恶性肿瘤	子串匹配	66.7
I型呼吸衰竭	7	J96.901	呼吸衰竭	子串匹配	66.7
慢性病毒性肝炎	7	B19.902	病毒性肝炎	子串匹配	71.4
盆腔炎	7	K65.011	男性盆腔炎	子串匹配	60.0
腹股沟淋巴结肿大	7	R59.901	淋巴结肿大	子串匹配	62.5
重型β地中海贫血	7	D56.901	地中海贫血	子串匹配	62.5
非小细胞癌	7	M80410/3	小细胞癌	子串匹配	80.0
食管胃底静脉曲张	7	I86.401	胃底静脉曲张	子串匹配	75.0
高胆红素血症	7	E80.602	肝炎后高胆红素血症	子串匹配	66.7
咽喉恶性肿瘤	6	C32.901	喉恶性肿瘤	子串匹配	83.3
急性化脓性扁桃体炎	6	J03.909	化脓性扁桃体炎	子串匹配	77.8
神经节神经母细胞瘤	6	M95000/3	神经母细胞瘤	子串匹配	66.7
神经麻痹	6	G51.002	面神经麻痹	子串匹配	80.0
红细胞增多	6	C94.003	红细胞增多症	子串匹配	83.3
细支气管扩张	6	J47  01	支气管扩张	子串匹配	83.3
结肠恶性肿瘤个人史	6	C18.902	结肠恶性肿瘤	子串匹配	66.7
假性动脉瘤	5	I72.808	椎假性动脉瘤	子串匹配	83.3
带状疱疹后神经痛	5	B02.206+ G53.004*	疱疹后神经痛	子串匹配	75.0
慢性嗜酸性粒细胞白血病	5	M98800/3	嗜酸性粒细胞白血病	子串匹配	81.8
腰椎压缩性骨折	5	T94.102	陈旧性腰椎压缩性骨折	子串匹配	70.0
腰部恶性肿瘤	5	M80000/3	恶性肿瘤	子串匹配	66.7
前列腺钙化灶	4	N42.803	前列腺钙化	子串匹配	83.3
多部位淋巴结继发恶性肿瘤	4	C77.901	淋巴结继发恶性肿瘤	子串匹配	75.0
子宫输卵管恶性肿瘤	4	C57.001	输卵管恶性肿瘤	子串匹配	77.8
桥本甲状腺炎	4	E06.901	甲状腺炎	子串匹配	66.7
男性乳腺增生	4	N62  03	乳腺增生	子串匹配	66.7
短暂性脑缺血发作	4	G45.901	短暂性脑缺血	子串匹配	75.0
继发恶性肿瘤	4	C78.001	肺继发恶性肿瘤	子串匹配	85.7
肝恶性肿瘤个人史	4	C22.901	肝恶性肿瘤	子串匹配	62.5
胃吻合口炎	4	K28.701	慢性胃吻合口炎	子串匹配	71.4
胸部食管恶性肿瘤	4	C15.901	食管恶性肿瘤	子串匹配	75.0
颈内静脉血栓形成	4	I82.902	静脉血栓形成	子串匹配	75.0
骨髓移植术后状态	4	Z94.801	骨髓移植术后	子串匹配	75.0
Ⅱ型呼吸衰竭	3	J96.901	呼吸衰竭	子串匹配	66.7
低血糖	3	E16.201	低血糖症	子串匹配	75.0
慢性粒细胞性白血病伴缓解	3	C92.101	慢性粒细胞性白血病	子串匹配	75.0
房间隔缺损	3	Q21.102	先天性房间隔缺损	子串匹配	62.5
浆细胞骨髓瘤	3	C41.208	胸椎体浆细胞骨髓瘤	子串匹配	66.7
神经损伤	3	S04.001	视神经损伤	子串匹配	80.0
肝动脉栓塞	3	I74.901	动脉栓塞	子串匹配	80.0
胆道恶性肿瘤	3	M80000/3	恶性肿瘤	子串匹配	66.7
腰椎骨质增生	3	M89.391	骨质增生	子串匹配	66.7
颅骨继发恶性肿瘤	3	C79.501	骨继发恶性肿瘤	子串匹配	87.5
骶骨继发恶性肿瘤	3	C79.501	骨继发恶性肿瘤	子串匹配	87.5
Ⅱ度子宫脱垂	2	N81.103	子宫脱垂	子串匹配	66.7
Ⅲ度房室传导阻滞	2	I44.302	房室传导阻滞	子串匹配	75.0
上腔静脉血栓形成	2	I82.902	静脉血栓形成	子串匹配	75.0
下肢动脉粥样硬化	2	I70.203	下肢动脉粥样硬化闭塞症	子串匹配	72.7
丙型肝炎肝硬化失代偿期	2	K72.905	肝硬化失代偿期	子串匹配	63.6
乳腺良性肿瘤	2	M80000/0	良性肿瘤	子串匹配	66.7
半月板损伤	2	M23.291	陈旧性半月板损伤	子串匹配	62.5
外阴阴道恶性肿瘤	2	C52  01	阴道恶性肿瘤	子串匹配	75.0
头颈部淋巴结继发恶性肿瘤	2	C77.002	颈部淋巴结继发恶性肿瘤	子串匹配	91.7
子宫恶性肿瘤个人史	2	C55  01	子宫恶性肿瘤	子串匹配	66.7
宫颈原位癌	2	D06.901	子宫颈原位癌	子串匹配	83.3
尿道出血	2	N36.804	泌尿道出血	子串匹配	80.0
急性颈部淋巴结炎	2	I88.905	颈部淋巴结炎	子串匹配	75.0
慢性乙型丁型病毒性肝炎	2	B17.805	丁型病毒性肝炎	子串匹配	63.6
淋巴细胞白血病	2	M98210/6	转移性淋巴细胞白血病	子串匹配	70.0
焦虑抑郁状态	2	F32.903	抑郁状态	子串匹配	66.7
皮脂腺囊肿	2	H02.811	眼睑皮脂腺囊肿	子串匹配	71.4
糖尿病性视网膜病变	2	E14.304+ H36.001*	糖尿病性视网膜病	子串匹配	88.9
结肠息肉病	2	K63.501	结肠息肉	子串匹配	80.0
肝内胆管结石	2	K80.502	胆管结石	子串匹配	66.7
肝炎后肝硬化失代偿期	2	K72.905	肝硬化失代偿期	子串匹配	70.0
肝门胆管恶性肿瘤	2	C24.001	胆管恶性肿瘤	子串匹配	75.0
肾炎综合征	2	N00.903	急性肾炎综合征	子串匹配	71.4
肾输尿管恶性肿瘤	2	C66  01	输尿管恶性肿瘤	子串匹配	87.5
胸腺瘤	2	C37  01	恶性胸腺瘤	子串匹配	60.0
腋下淋巴结继发恶性肿瘤	2	C77.901	淋巴结继发恶性肿瘤	子串匹配	81.8
腹部食管恶性肿瘤	2	C15.901	食管恶性肿瘤	子串匹配	75.0
膝关节积液	2	M25.491	关节积液	子串匹配	80.0
进行性肌营养不良	2	G71.001	肌营养不良	子串匹配	62.5
面单纯疱疹	2	B00.902	单纯疱疹	子串匹配	80.0
顶骨恶性肿瘤	2	C41.901	骨恶性肿瘤	子串匹配	83.3
颈动脉粥样硬化	2	I70.904	动脉粥样硬化	子串匹配	85.7
颌下淋巴结肿大	2	R59.901	淋巴结肿大	子串匹配	71.4
髂骨继发恶性肿瘤	2	C79.501	骨继发恶性肿瘤	子串匹配	87.5
乙状结肠息肉	1	K63.501	结肠息肉	子串匹配	66.7
亚急性甲状腺炎	1	E06.001	急性甲状腺炎	子串匹配	85.7
免疫缺陷	1	D84.901	免疫缺陷病	子串匹配	80.0
出血	1	H92.201	耳出血	子串匹配	66.7
创伤性颅内出血	1	I62.901	非创伤性颅内出血	子串匹配	87.5
失明	1	H54.003	眼失明	子串匹配	66.7
子宫内膜囊肿	1	N80.103	卵巢子宫内膜囊肿	子串匹配	75.0
宫颈溃疡	1	N86  02	子宫颈溃疡	子串匹配	80.0
宫颈肥大	1	N88.804	子宫颈肥大	子串匹配	80.0
干燥综合征	1	H04.104	眼干燥综合征	子串匹配	83.3
急性呼吸衰竭	1	J96.901	呼吸衰竭	子串匹配	66.7
急性失血性贫血	1	D50.002	失血性贫血	子串匹配	71.4
急性白血病复发	1	C95.001	急性白血病	子串匹配	71.4
急性重症胰腺炎	1	K85.006	重症胰腺炎	子串匹配	71.4
慢性呼吸衰竭	1	J96.901	呼吸衰竭	子串匹配	66.7
扁桃体炎	1	J03.903	急性扁桃体炎	子串匹配	66.7
淋巴瘤	1	M85610/0	腺淋巴瘤	子串匹配	75.0
疱疹病毒感染	1	B34.901	病毒感染	子串匹配	66.7
癌性淋巴管炎	1	I89.101	淋巴管炎	子串匹配	66.7
癫痫小发作	1	G41.102	癫痫小发作状态	子串匹配	71.4
皮肤纤维肉瘤	1	M88320/3	隆突性皮肤纤维肉瘤	子串匹配	66.7
直肠乙状结肠炎	1	K51.301	慢性直肠乙状结肠炎	子串匹配	77.8
精索鞘膜积液	1	N43.301	鞘膜积液	子串匹配	66.7
结缔组织炎	1	M79.093	纤维结缔组织炎	子串匹配	71.4
继发性血小板减少	1	D69.502	继发性血小板减少症	子串匹配	88.9
肌腱损伤	1	S56.801	前臂肌腱损伤	子串匹配	66.7
肝结节	1	K76.826	肝结节病	子串匹配	75.0
肝门淋巴结肿大	1	R59.901	淋巴结肿大	子串匹配	71.4
胸内淋巴结继发恶性肿瘤	1	C77.901	淋巴结继发恶性肿瘤	子串匹配	81.8
脑动脉粥样硬化	1	I70.904	动脉粥样硬化	子串匹配	85.7
脾静脉血栓形成	1	I82.902	静脉血栓形成	子串匹配	85.7
腰背肌筋膜炎	1	M60.991	肌筋膜炎	子串匹配	66.7
腹主动脉瘤	1	I71.302	腹主动脉瘤破裂	子串匹配	71.4
膀胱阴道瘘	1	N82.301	直肠膀胱阴道瘘	子串匹配	71.4
膈淋巴结继发恶性肿瘤	1	C77.901	淋巴结继发恶性肿瘤	子串匹配	90.0
软骨良性肿瘤	1	D21.002	耳软骨良性肿瘤	子串匹配	85.7
锁骨上淋巴结肿大	1	R59.901	淋巴结肿大	子串匹配	62.5
锁骨下淋巴结继发恶性肿瘤	1	C77.901	淋巴结继发恶性肿瘤	子串匹配	75.0
锁骨继发恶性肿瘤	1	C79.501	骨继发恶性肿瘤	子串匹配	87.5
陈旧性腰椎骨折	1	T94.103	陈旧性腰椎骨折伴截瘫	子串匹配	70.0
静脉曲张术后	1	I83.903	静脉曲张	子串匹配	66.7
颈椎椎管狭窄	1	M48.091	椎管狭窄	子串匹配	66.7
颈部淋巴水肿	1	I89.004	淋巴水肿	子串匹配	66.7
骨和骨髓继发恶性肿瘤	1	C79.502	骨髓继发恶性肿瘤	子串匹配	80.0
髋关节积液	1	M25.491	关节积液	子串匹配	80.0
肺大疱	764			未匹配	0.0
肝损伤	392			未匹配	0.0
腹腔积液	358			未匹配	0.0
慢性疼痛	282			未匹配	0.0
房性期前收缩	266			未匹配	0.0
腰椎间盘突出	205			未匹配	0.0
肺气肿合并肺大疱	198			未匹配	0.0
甲状腺功能减退症	146			未匹配	0.0
药物性肝损伤	127			未匹配	0.0
室性期前收缩	126			未匹配	0.0
子宫切除术后状态	103			未匹配	0.0
先天性肺大疱	68			未匹配	0.0
末梢神经病	68			未匹配	0.0
阵发性睡眠性血红蛋白尿	43			未匹配	0.0
化疗后恢复期	41			未匹配	0.0
干燥综合征性中枢神经损害	37			未匹配	0.0
认知障碍	37			未匹配	0.0
颈椎间盘突出	35			未匹配	0.0
慢性骨髓增殖性疾病	33			未匹配	0.0
甲状腺功能亢进症	33			未匹配	0.0
宫颈囊肿	31			未匹配	0.0
后循环缺血	30			未匹配	0.0
胃肠道间质瘤	28			未匹配	0.0
肾积水伴输尿管狭窄	26			未匹配	0.0
乳腺术后	25			未匹配	0.0
儿童难治性血细胞减少	25			未匹配	0.0
前列腺肿瘤	23			未匹配	0.0
腹腔肿瘤	23			未匹配	0.0
双侧卵巢切除术后状态	22			未匹配	0.0
带状疱疹后遗症	22			未匹配	0.0
贲门术后	22			未匹配	0.0
骨髓增生异常性/骨髓增殖性肿瘤	22			未匹配	0.0
口腔恶性肿瘤个人史	20			未匹配	0.0
乙型肝炎肝硬化	19			未匹配	0.0
凝血功能异常	19			未匹配	0.0
创伤性腰椎病	19			未匹配	0.0
子宫腺肌病	18			未匹配	0.0
药物性股骨头坏死	18			未匹配	0.0
肿瘤化疗个人史	17			未匹配	0.0
纵隔肿瘤	16			未匹配	0.0
肌肉继发恶性肿瘤	16			未匹配	0.0
肾损伤	16			未匹配	0.0
鼻咽原位癌	16			未匹配	0.0
T淋巴母细胞白血病/淋巴瘤	15			未匹配	0.0
肝性脑病	15			未匹配	0.0
鼻出血	15			未匹配	0.0
放射性食管炎	14			未匹配	0.0
烟雾病	14			未匹配	0.0
肝内胆管癌	14			未匹配	0.0
肾积水伴肾结石	14			未匹配	0.0
冠状动脉支架植入术后状态	13			未匹配	0.0
口腔肿瘤	13			未匹配	0.0
疝	13			未匹配	0.0
直肠占位性病变	13			未匹配	0.0
精神病个人史	13			未匹配	0.0
结肠占位性病变	13			未匹配	0.0
中枢神经系统白血病	12			未匹配	0.0
乙型肝炎后肝硬化失代偿期	12			未匹配	0.0
咳嗽变异性哮喘	12			未匹配	0.0
恶性肿瘤化学治疗后恢复期	12			未匹配	0.0
拒绝医疗后离院	12			未匹配	0.0
肾炎	12			未匹配	0.0
子宫腔积液	11			未匹配	0.0
胃食管反流病	11			未匹配	0.0
门静脉瘤栓	11			未匹配	0.0
颈淋巴瘤	11			未匹配	0.0
劳力性心绞痛	10			未匹配	0.0
复杂性尿路感染	10			未匹配	0.0
子宫囊肿	10			未匹配	0.0
脑出血个人史	10			未匹配	0.0
脑梗死后遗症	10			未匹配	0.0
输尿管造口状态	10			未匹配	0.0
丙型肝炎肝硬化	9			未匹配	0.0
吞咽困难	9			未匹配	0.0
癫痫持续状态	9			未匹配	0.0
胃穿孔	9			未匹配	0.0
胸膜肥厚	9			未匹配	0.0
腹壁占位性病变	9			未匹配	0.0
B细胞淋巴瘤	8			未匹配	0.0
丙型肝炎病毒携带者	8			未匹配	0.0
子宫肿物	8			未匹配	0.0
宫颈术后	8			未匹配	0.0
恶性肿瘤介入治疗	8			未匹配	0.0
椎间盘突出	8			未匹配	0.0
直肠乙状结肠交界处肿瘤	8			未匹配	0.0
纵隔占位性病变	8			未匹配	0.0
肝炎后肝硬化	8			未匹配	0.0
胸腺肿瘤	8			未匹配	0.0
颊黏膜原位癌	8			未匹配	0.0
冠状动脉旁路移植术后状态	7			未匹配	0.0
凝血功能障碍	7			未匹配	0.0
口腔溃疡	7			未匹配	0.0
气管憩室	7			未匹配	0.0
淀粉样变肾损害	7			未匹配	0.0
直肠术后	7			未匹配	0.0
真菌性肺炎	7			未匹配	0.0
纵膈肿瘤	7			未匹配	0.0
肛周炎	7			未匹配	0.0
胆囊术后	7			未匹配	0.0
脊髓损伤后遗症	7			未匹配	0.0
腰椎病	7			未匹配	0.0
输卵管术后	7			未匹配	0.0
陈旧性骨折	7			未匹配	0.0
骨髓增生异常综合征-难治性贫血伴原始细胞过多	7			未匹配	0.0
T细胞大颗粒淋巴细胞白血病	6			未匹配	0.0
卵巢占位性病变	6			未匹配	0.0
口腔出血	6			未匹配	0.0
噬血细胞综合征	6			未匹配	0.0
子宫术后	6			未匹配	0.0
急性冠脉综合征	6			未匹配	0.0
急性肾衰竭	6			未匹配	0.0
恶性胰腺瘤	6			未匹配	0.0
放疗后恢复期	6			未匹配	0.0
梭形细胞肉瘤	6			未匹配	0.0
皮下占位性病变	6			未匹配	0.0
皮肤淋巴瘤	6			未匹配	0.0
糖尿病伴并发症	6			未匹配	0.0
胆汁淤积症	6			未匹配	0.0
脾功能亢进	6			未匹配	0.0
腹壁疝	6			未匹配	0.0
剖宫产个人史	5			未匹配	0.0
口腔炎	5			未匹配	0.0
嗜睡	5			未匹配	0.0
多脏器功能衰竭	5			未匹配	0.0
心功能III级	5			未匹配	0.0
急性尿道炎	5			未匹配	0.0
慢性尿道炎	5			未匹配	0.0
慢性白血病	5			未匹配	0.0
皮下出血	5			未匹配	0.0
盆腔肿瘤	5			未匹配	0.0
直肠黏膜炎	5			未匹配	0.0
糖尿病性坏死性筋膜炎	5			未匹配	0.0
脊柱侧弯	5			未匹配	0.0
脑梗死个人史	5			未匹配	0.0
脑梗死恢复期	5			未匹配	0.0
腰椎术后	5			未匹配	0.0
药物性肝衰竭	5			未匹配	0.0
间位结肠	5			未匹配	0.0
人类免疫缺陷病毒\病造成的淋巴造血和有关组织的其他恶性肿瘤	4			未匹配	0.0
人类免疫缺陷病毒\的实验室证据	4			未匹配	0.0
先天性耳聋	4			未匹配	0.0
化学治疗	4			未匹配	0.0
外周T细胞淋巴瘤	4			未匹配	0.0
心脏起搏器植入术后状态	4			未匹配	0.0
恶性肿瘤术前化疗	4			未匹配	0.0
意识障碍	4			未匹配	0.0
成人T细胞白血病	4			未匹配	0.0
新型冠状病毒肺炎	4			未匹配	0.0
气管支架置入术后状态	4			未匹配	0.0
牙龈炎	4			未匹配	0.0
甲型H1N1流感肺炎	4			未匹配	0.0
直肠癌伴出血	4			未匹配	0.0
神经内分泌肿瘤	4			未匹配	0.0
神经性耳鸣	4			未匹配	0.0
结节硬化型霍奇金淋巴瘤	4			未匹配	0.0
肾上腺肿瘤	4			未匹配	0.0
脑血管狭窄	4			未匹配	0.0
腹部占位性病变	4			未匹配	0.0
间变大细胞淋巴瘤	4			未匹配	0.0
阑尾术后	4			未匹配	0.0
颈椎术后	4			未匹配	0.0
食管术后	4			未匹配	0.0
乙型肝炎病毒携带者	3			未匹配	0.0
先天性心包囊肿	3			未匹配	0.0
全身性淋巴结增大	3			未匹配	0.0
前列腺术后	3			未匹配	0.0
卵巢术后	3			未匹配	0.0
口腔黏膜损害	3			未匹配	0.0
头颈部肿瘤	3			未匹配	0.0
小肠肿瘤	3			未匹配	0.0
带状疱疹性神经痛	3			未匹配	0.0
干燥综合征伴肺间质纤维化	3			未匹配	0.0
恶性肿瘤治疗后随诊	3			未匹配	0.0
放射性咽炎	3			未匹配	0.0
未分化肉瘤	3			未匹配	0.0
直肠肿瘤	3			未匹配	0.0
肝术后	3			未匹配	0.0
肠胀气	3			未匹配	0.0
胃造口状态	3			未匹配	0.0
脑缺血灶	3			未匹配	0.0
脾梗死	3			未匹配	0.0
膝关节退行性病变	3			未匹配	0.0
自体免疫性脑炎	3			未匹配	0.0
贲门肿瘤	3			未匹配	0.0
输尿管支架置入术后状态	3			未匹配	0.0
错构瘤病	3			未匹配	0.0
骨折术后	3			未匹配	0.0
下肢肿胀	2			未匹配	0.0
下肢骨折	2			未匹配	0.0
人类免疫缺陷病毒\病	2			未匹配	0.0
低体温	2			未匹配	0.0
低氧血症	2			未匹配	0.0
侵袭性NK细胞白血病	2			未匹配	0.0
创伤性脑梗死	2			未匹配	0.0
前列腺占位性病变	2			未匹配	0.0
动态未定或动态未知的肿瘤	2			未匹配	0.0
喉肿瘤	2			未匹配	0.0
壶腹部肿瘤	2			未匹配	0.0
多处损伤	2			未匹配	0.0
大细胞神经内分泌癌	2			未匹配	0.0
妊娠	2			未匹配	0.0
导管相关性尿路感染	2			未匹配	0.0
小脑肿瘤	2			未匹配	0.0
带状疱疹伴有其他并发症	2			未匹配	0.0
异常子宫出血	2			未匹配	0.0
恶心呕吐	2			未匹配	0.0
慢性肾衰竭合并贫血	2			未匹配	0.0
手术后胃瘫综合征	2			未匹配	0.0
扩张型心肌病	2			未匹配	0.0
新型冠状病毒感染	2			未匹配	0.0
枕叶出血	2			未匹配	0.0
瓦登伯格综合征	2			未匹配	0.0
甲状腺功能亢进症个人史	2			未匹配	0.0
甲状腺占位性病变	2			未匹配	0.0
白细胞异常	2			未匹配	0.0
皮肤占位性病变	2			未匹配	0.0
盆腔炎性疾病	2			未匹配	0.0
结肠原位癌	2			未匹配	0.0
结肠术后	2			未匹配	0.0
肝错构瘤	2			未匹配	0.0
股骨远端骨折	2			未匹配	0.0
肺性脑病	2			未匹配	0.0
肺术后	2			未匹配	0.0
肾上腺术后	2			未匹配	0.0
肾上腺皮质功能减退症	2			未匹配	0.0
肾上腺结节性增生	2			未匹配	0.0
肾术后	2			未匹配	0.0
肾积水伴输尿管结石	2			未匹配	0.0
胆管支架置入术后状态	2			未匹配	0.0
脊柱血管瘤	2			未匹配	0.0
脑肿瘤个人史	2			未匹配	0.0
腹主动脉夹层	2			未匹配	0.0
腹胀	2			未匹配	0.0
膀胱周围炎	2			未匹配	0.0
血管性紫癜	2			未匹配	0.0
重叠综合征	2			未匹配	0.0
间质性瘤	2			未匹配	0.0
阴道占位性病变	2			未匹配	0.0
附件继发恶性肿瘤	2			未匹配	0.0
难治性白血病	2			未匹配	0.0
食管支架置入术后状态	2			未匹配	0.0
Ⅱ型糖原贮积症	1			未匹配	0.0
上皮样细胞肉瘤	1			未匹配	0.0
上肢骨折	1			未匹配	0.0
下肢占位性病变	1			未匹配	0.0
下肢损伤	1			未匹配	0.0
不全性带状疱疹	1			未匹配	0.0
中性粒细胞减少症	1			未匹配	0.0
乳腺浸润性导管癌	1			未匹配	0.0
乳腺结节	1			未匹配	0.0
乳腺钙化	1			未匹配	0.0
二尖瓣脱垂伴关闭不全	1			未匹配	0.0
亚急性髓系白血病	1			未匹配	0.0
人类免疫缺陷病毒\病造成的其他类型的非霍奇金淋巴瘤	1			未匹配	0.0
人类免疫缺陷病毒\病造成的多发性恶性肿瘤	1			未匹配	0.0
侵袭性葡萄胎	1			未匹配	0.0
凝血障碍	1			未匹配	0.0
出血性脑梗死	1			未匹配	0.0
分支传导阻滞	1			未匹配	0.0
创伤性颅内血肿	1			未匹配	0.0
前体B细胞急性淋巴细胞白血病	1			未匹配	0.0
前体T细胞急性淋巴细胞白血病	1			未匹配	0.0
前列腺脓肿	1			未匹配	0.0
医源性糖尿病	1			未匹配	0.0
十二指肠术后	1			未匹配	0.0
单侧卵巢切除术后状态	1			未匹配	0.0
单侧肺气肿	1			未匹配	0.0
单纯性牙周炎	1			未匹配	0.0
卵巢原位癌	1			未匹配	0.0
压疮	1			未匹配	0.0
原发性干燥综合征肾损害	1			未匹配	0.0
双侧输卵管卵巢切除术后状态	1			未匹配	0.0
反酸	1			未匹配	0.0
口腔黏膜出血	1			未匹配	0.0
呼吸停止	1			未匹配	0.0
呼吸道合胞病毒感染	1			未匹配	0.0
喉占位性病变	1			未匹配	0.0
嗳气	1			未匹配	0.0
回盲部占位性病变	1			未匹配	0.0
坏死性筋膜炎	1			未匹配	0.0
多处骨折	1			未匹配	0.0
多重感染的肺炎	1			未匹配	0.0
多重耐药菌感染	1			未匹配	0.0
头、面和颈部结缔组织和其他软组织的良性肿瘤	1			未匹配	0.0
头晕	1			未匹配	0.0
子宫肿瘤	1			未匹配	0.0
宫颈切除术后状态	1			未匹配	0.0
小脑角脂肪瘤	1			未匹配	0.0
尿急	1			未匹配	0.0
尿频	1			未匹配	0.0
左后分支传导阻滞	1			未匹配	0.0
布-加综合征	1			未匹配	0.0
弥漫性非霍奇金淋巴瘤	1			未匹配	0.0
心力衰竭心功能IV级	1			未匹配	0.0
心功能IV级	1			未匹配	0.0
心律失常Ⅰ度房室传导阻滞	1			未匹配	0.0
心律失常窦性心动过缓完全性左束支传导阻滞	1			未匹配	0.0
急性双系白血病	1			未匹配	0.0
慢性肝衰竭	1			未匹配	0.0
慢性肾脏病5期	1			未匹配	0.0
慢性肾衰竭	1			未匹配	0.0
手术后切口愈合不良	1			未匹配	0.0
拇指离断伤	1			未匹配	0.0
操作后伤口积液	1			未匹配	0.0
支气管和肺原位癌	1			未匹配	0.0
放射治疗史	1			未匹配	0.0
月经紊乱	1			未匹配	0.0
泌尿系统疾患	1			未匹配	0.0
淋巴浆细胞淋巴瘤	1			未匹配	0.0
淋巴结病	1			未匹配	0.0
牙痛	1			未匹配	0.0
牙龈血肿	1			未匹配	0.0
癫痫样发作	1			未匹配	0.0
白内障术后玻璃体综合征	1			未匹配	0.0
白内障术后角膜病变	1			未匹配	0.0
窦性静止	1			未匹配	0.0
结外NK/T细胞淋巴瘤	1			未匹配	0.0
结肠吻合口炎	1			未匹配	0.0
继发性肺结核	1			未匹配	0.0
耳部占位性病变	1			未匹配	0.0
肛门周围溃疡	1			未匹配	0.0
肛门直肠瘘	1			未匹配	0.0
肝囊性病	1			未匹配	0.0
股骨转子间骨折	1			未匹配	0.0
肩周炎	1			未匹配	0.0
肱骨破坏	1			未匹配	0.0
肾结石伴输尿管结石	1			未匹配	0.0
肾肥大	1			未匹配	0.0
胃痛	1			未匹配	0.0
胃胀气	1			未匹配	0.0
胃错构瘤	1			未匹配	0.0
胆囊肿瘤	1			未匹配	0.0
胰腺原位癌	1			未匹配	0.0
胸椎压缩性骨折	1			未匹配	0.0
胸部损伤	1			未匹配	0.0
脊柱肿瘤	1			未匹配	0.0
脑出血恢复期	1			未匹配	0.0
脾术后	1			未匹配	0.0
腋脓肿	1			未匹配	0.0
腮腺区占位性病变	1			未匹配	0.0
腹壁开放性伤口	1			未匹配	0.0
腹股沟占位性病变	1			未匹配	0.0
腹股沟术后	1			未匹配	0.0
膀胱小肠瘘	1			未匹配	0.0
膝关节骨髓炎	1			未匹配	0.0
臀部占位性病变	1			未匹配	0.0
自体造血干细胞移植状态	1			未匹配	0.0
良性阵发性位置性眩晕	1			未匹配	0.0
药物流产术后	1			未匹配	0.0
获得性联合免疫缺陷	1			未匹配	0.0
葡萄胎术后	1			未匹配	0.0
蛛网膜下腔出血治疗后随诊	1			未匹配	0.0
血小板功能不全	1			未匹配	0.0
输卵管绝育	1			未匹配	0.0
输液港取出术后	1			未匹配	0.0
造血干细胞移植状态	1			未匹配	0.0
闭合性颅脑损伤	1			未匹配	0.0
阿尔茨海默病	1			未匹配	0.0
附件占位性病变	1			未匹配	0.0
陈旧性脑出血	1			未匹配	0.0
难治性抑郁症	1			未匹配	0.0
食管纵隔瘘	1			未匹配	0.0
食管胸腔瘘	1			未匹配	0.0
骨髓移植排斥反应	1			未匹配	0.0
髋部占位性病变	1			未匹配	0.0
髓样肉瘤	1			未匹配	0.0
高乳酸血症	1			未匹配	0.0
高甘油三酯血症	1			未匹配	0.0
鼻真菌病	1			未匹配	0.0
鼻腔淋巴瘤	1			未匹配	0.0
腹腔继发恶性肿瘤	165	C79.802	腹腔继发性恶性肿瘤	模糊匹配	94.1
胃食管连接处恶性肿瘤	83	C16.002	食管贲门连接处恶性肿瘤	模糊匹配	85.7
腹膜后继发恶性肿瘤	54	C78.603	腹膜后腔继发恶性肿瘤	模糊匹配	94.7
不稳定型心绞痛	47	I20.001	不稳定性心绞痛	模糊匹配	85.7
左前分支传导阻滞	42	I44.401	左前分枝传导阻滞	模糊匹配	87.5
肺真菌感染	37	B49.013	肺部真菌感染	模糊匹配	90.9
淋巴结恶性肿瘤	36	C77.901	淋巴结继发恶性肿瘤	模糊匹配	87.5
食管胃连接处恶性肿瘤	34	C16.002	食管贲门连接处恶性肿瘤	模糊匹配	85.7
类风湿关节炎	33	M06.991	类风湿性关节炎	模糊匹配	92.3
胰腺占位性病变	33	K86.902	胰占位性病变	模糊匹配	92.3
慢性粒单核细胞白血病	30	C92.701	慢性粒单核细胞性白血病	模糊匹配	95.2
肝硬化伴食管胃底静脉曲张	25	K74.611	肝硬化伴食道.胃底静脉曲张	模糊匹配	88.0
巨幼细胞性贫血	23	D53.101	巨幼红细胞性贫血	模糊匹配	93.3
胃淋巴瘤	20	C85.015	胃淋巴肉瘤	模糊匹配	88.9
胆管占位性病变	20	K82.902	胆囊占位性病变	模糊匹配	85.7
胸壁继发恶性肿瘤	19	C79.823	胸壁继发性恶性肿瘤	模糊匹配	94.1
皮下继发恶性肿瘤	18	C79.203	皮肤继发恶性肿瘤	模糊匹配	87.5
脓毒症	17	A41.902	脓毒血症	模糊匹配	85.7
软组织恶性肿瘤	17	D48.109	软组织交界恶性肿瘤	模糊匹配	87.5
胸椎继发恶性肿瘤	15	C78.201	胸膜继发恶性肿瘤	模糊匹配	87.5
急性单核细胞白血病	14	M98611/3	急性髓单核细胞白血病	模糊匹配	94.7
门静脉高压	14	K76.602	门脉高压	模糊匹配	88.9
阴囊继发恶性肿瘤	14	C78.802	胆囊继发恶性肿瘤	模糊匹配	87.5
放疗后骨髓抑制	13	D75.805	化疗后骨髓抑制	模糊匹配	85.7
腹腔淋巴瘤	12	C85.005	腹腔淋巴肉瘤	模糊匹配	90.9
原发性血小板增多症	11	D47.301	特发性血小板增多症	模糊匹配	88.9
口腔占位性病变	10	J98.901	胸腔占位性病变	模糊匹配	85.7
脑胶质细胞增生	10	G93.809	脑皮质胶质细胞增生	模糊匹配	87.5
支原体肺炎	8	J15.702	支原体性肺炎	模糊匹配	90.9
腰椎继发恶性肿瘤	8	C79.204	腰部继发恶性肿瘤	模糊匹配	87.5
颈椎继发恶性肿瘤	8	C79.508	椎体继发恶性肿瘤	模糊匹配	87.5
鼻窦继发恶性肿瘤	8	C31.901	鼻窦恶性肿瘤	模糊匹配	85.7
乳腺继发恶性肿瘤	7	C79.815	乳腺继发性恶性肿瘤	模糊匹配	94.1
急性早幼粒细胞白血病	7	M98660/3	急性早幼粒细胞性白血病	模糊匹配	95.2
主动脉瓣关闭不全	6	I35.102	主动脉瓣闭锁不全	模糊匹配	87.5
朗格汉斯细胞组织细胞增生症	6	D76.010	朗格汉斯细胞组织细胞增多症	模糊匹配	92.3
胆管继发恶性肿瘤	6	C78.801	胆管继发性恶性肿瘤	模糊匹配	94.1
腰椎退行性病变	6	M51.303	腰椎退行性变	模糊匹配	92.3
高血压脑病	6	I67.401	高血压性脑病	模糊匹配	90.9
帕金森病	5	G20  02	帕金森氏病	模糊匹配	88.9
盆腔占位性病变	5	J98.901	胸腔占位性病变	模糊匹配	85.7
胃继发恶性肿瘤	5	C78.807	胃继发性恶性肿瘤	模糊匹配	93.3
胰头继发恶性肿瘤	5	C78.809	胰腺继发恶性肿瘤	模糊匹配	87.5
频发性室性期前收缩	5	I49.301	频发性室性期外收缩	模糊匹配	88.9
食管胃底静脉曲张破裂出血	5	I85.001	食管静脉曲张破裂出血	模糊匹配	90.9
唇结节病	4	D86.901	结节病	模糊匹配	85.7
糖尿病足	4	E14.901	糖尿病	模糊匹配	85.7
肾上腺占位性病变	4	D41.002	肾占位性病变	模糊匹配	85.7
腹股沟继发恶性肿瘤	4	C79.840	腹股沟继发性恶性肿瘤	模糊匹配	94.7
颈椎退行性病变	4	M51.304	颈椎退行性变	模糊匹配	92.3
颈部占位性病变	4	D48.012	颈椎占位性病变	模糊匹配	85.7
法特壶腹恶性肿瘤	3	C24.101	法特氏壶腹恶性肿瘤	模糊匹配	94.1
糖尿病肾病	3	E14.203+ N08.303*	糖尿病性肾病	模糊匹配	90.9
肺原位癌	3	M80100/2	原位癌	模糊匹配	85.7
胃原位癌	3	M80100/2	原位癌	模糊匹配	85.7
自身免疫性脑炎	3	K75.809	自身免疫性肝炎	模糊匹配	85.7
贲门继发恶性肿瘤	3	C16.001	贲门恶性肿瘤	模糊匹配	85.7
颅内继发恶性肿瘤	3	C71.902	颅内恶性肿瘤	模糊匹配	85.7
回盲部淋巴瘤	2	C85.914	回盲部恶性淋巴瘤	模糊匹配	85.7
慢性单核细胞白血病	2	C93.101	慢性单核细胞性白血病	模糊匹配	94.7
椎管内恶性肿瘤	2	D32.904	椎管内良性肿瘤	模糊匹配	85.7
浆细胞白血病	2	C90.101	浆细胞性白血病	模糊匹配	92.3
糖尿病酮症	2	E14.102	糖尿病性酮症	模糊匹配	90.9
肺炎克雷伯杆菌感染	2	A49.814	肺炎雷克伯杆菌感染	模糊匹配	88.9
肾上腺皮质恶性肿瘤	2	C74.901	肾上腺恶性肿瘤	模糊匹配	87.5
胆管梗阻	2	K82.001	胆囊管梗阻	模糊匹配	88.9
胰头占位性病变	2	K86.902	胰占位性病变	模糊匹配	92.3
膝关节病	2	M17.961	膝骨关节病	模糊匹配	88.9
转移性乳腺癌	2	M81400/6	转移性腺癌	模糊匹配	90.9
锁骨上继发恶性肿瘤	2	C79.501	骨继发恶性肿瘤	模糊匹配	87.5
颌面部间隙感染	2	K12.201	颌面间隙感染	模糊匹配	92.3
鼻腔继发恶性肿瘤	2	C79.812	盆腔继发恶性肿瘤	模糊匹配	87.5
亚临床甲状腺功能亢进	1	E05.804	亚临床甲状腺机能亢进	模糊匹配	90.0
十二指肠肿瘤	1	C17.001	十二指肠恶性肿瘤	模糊匹配	85.7
外耳道脓肿	1	H60.002	外耳脓肿	模糊匹配	88.9
急性B淋巴细胞白血病	1	C91.001	急性淋巴细胞性白血病	模糊匹配	90.0
慢性粒细胞白血病t	1	C92.101	慢性粒细胞性白血病	模糊匹配	88.9
手术后切口感染	1	T81.402	手术后伤口感染	模糊匹配	85.7
细菌感染	1	A49.815	细球菌感染	模糊匹配	88.9
肋骨肿瘤	1	C41.905	骨肿瘤	模糊匹配	85.7
肾盂继发恶性肿瘤	1	C79.001	肾继发恶性肿瘤	模糊匹配	93.3
胰腺坏死	1	K86.808	胰坏死	模糊匹配	85.7
胸腔继发恶性肿瘤	1	C79.824	胸腔继发性恶性肿瘤	模糊匹配	94.1
脑内出血后遗症	1	I69.101	脑出血后遗症	模糊匹配	92.3
脑血管疾病	1	I67.903	脑血管病	模糊匹配	88.9
脑软化灶	1	G93.810	脑软化	模糊匹配	85.7
腹腔囊肿	1	R19.003	腹腔假囊肿	模糊匹配	88.9
腹膜后腔恶性肿瘤	1	C48.001	腹膜后恶性肿瘤	模糊匹配	93.3
腹膜肿瘤	1	C48.005	腹膜后肿瘤	模糊匹配	88.9
躯干占位性病变	1	G93.503	脑干占位性病变	模糊匹配	85.7
门脉高压性胃病	1	K92.801	门脉高压性胃肠病	模糊匹配	93.3
频发性房性期前收缩	1	I49.102	频发性房性期外收缩	模糊匹配	88.9
高同型半胱氨酸血症	1	E78.802	高同型半胱胺酸血症	模糊匹配	88.9
高磷血症	1	E83.305	高磷血盐症	模糊匹配	88.9
黑色素痣	1	M87205/0	色素痣	模糊匹配	85.7
化疗后骨髓抑制	996	D75.805	化疗后骨髓抑制	精确匹配	100.0
肝囊肿	876	K76.811	肝囊肿	精确匹配	100.0
肺占位性病变	683	J98.416	肺占位性病变	精确匹配	100.0
肺结节病	561	D86.001	肺结节病	精确匹配	100.0
脾大	425	R16.101	脾大	精确匹配	100.0
脑萎缩	361	G31.906	脑萎缩	精确匹配	100.0
慢性支气管炎	351	J42  02	慢性支气管炎	精确匹配	100.0
心包积液	344	I31.905	心包积液	精确匹配	100.0
急性白血病	326	C95.001	急性白血病	精确匹配	100.0
乙型病毒性肝炎	309	B16.905	乙型病毒性肝炎	精确匹配	100.0
肺不张	259	J98.101	肺不张	精确匹配	100.0
胃炎	251	K29.703	胃炎	精确匹配	100.0
肝功能不全	228	K76.806	肝功能不全	精确匹配	100.0
呼吸衰竭	206	J96.901	呼吸衰竭	精确匹配	100.0
淋巴结肿大	198	R59.901	淋巴结肿大	精确匹配	100.0
子宫恶性肿瘤	177	C55  01	子宫恶性肿瘤	精确匹配	100.0
癫痫	170	G40.901	癫痫	精确匹配	100.0
前列腺增生	168	N40  01	前列腺增生	精确匹配	100.0
肾上腺继发恶性肿瘤	166	C79.603	肾上腺继发恶性肿瘤	精确匹配	100.0
恶性腹水	158	R18  04	恶性腹水	精确匹配	100.0
肝占位性病变	142	K76.903	肝占位性病变	精确匹配	100.0
低钾血症	138	E87.602	低钾血症	精确匹配	100.0
上呼吸道感染	129	J06.903	上呼吸道感染	精确匹配	100.0
胸膜继发恶性肿瘤	126	C78.201	胸膜继发恶性肿瘤	精确匹配	100.0
消化道出血	119	K92.208	消化道出血	精确匹配	100.0
肋骨骨折	119	S22.301	肋骨骨折	精确匹配	100.0
鼻窦恶性肿瘤	116	C31.901	鼻窦恶性肿瘤	精确匹配	100.0
电解质紊乱	108	E87.802	电解质紊乱	精确匹配	100.0
盆腔继发恶性肿瘤	108	C79.812	盆腔继发恶性肿瘤	精确匹配	100.0
甲状腺结节	100	E04.103	甲状腺结节	精确匹配	100.0
阻塞性肺炎	100	J18.805	阻塞性肺炎	精确匹配	100.0
腹膜继发恶性肿瘤	92	C78.604	腹膜继发恶性肿瘤	精确匹配	100.0
肠梗阻	91	K56.702	肠梗阻	精确匹配	100.0
上颌窦炎	87	J32.007	上颌窦炎	精确匹配	100.0
输尿管恶性肿瘤	87	C66  01	输尿管恶性肿瘤	精确匹配	100.0
胃肠道恶性肿瘤	86	C26.901	胃肠道恶性肿瘤	精确匹配	100.0
幽门螺旋杆菌感染	84	A49.812	幽门螺旋杆菌感染	精确匹配	100.0
心动过速	84	R00.001	心动过速	精确匹配	100.0
脾继发恶性肿瘤	84	C78.803	脾继发恶性肿瘤	精确匹配	100.0
肝继发恶性肿瘤	80	C78.701	肝继发恶性肿瘤	精确匹配	100.0
下肢静脉血栓形成	78	I80.301	下肢静脉血栓形成	精确匹配	100.0
窦性心律失常	78	I49.804	窦性心律失常	精确匹配	100.0
低钠血症	77	E87.101	低钠血症	精确匹配	100.0
陈旧性肺结核	72	B90.901	陈旧性肺结核	精确匹配	100.0
肾性贫血	71	D64.904	肾性贫血	精确匹配	100.0
肝血管瘤	70	D18.016	肝血管瘤	精确匹配	100.0
舌恶性肿瘤	67	C02.901	舌恶性肿瘤	精确匹配	100.0
颈椎病	67	M50.001+ G99.201*	颈椎病	精确匹配	100.0
肾继发恶性肿瘤	66	C79.001	肾继发恶性肿瘤	精确匹配	100.0
大网膜继发恶性肿瘤	65	C78.602	大网膜继发恶性肿瘤	精确匹配	100.0
支气管扩张	65	J47  01	支气管扩张	精确匹配	100.0
溶血性贫血	64	D58.901	溶血性贫血	精确匹配	100.0
陈旧性心肌梗死	64	I25.210	陈旧性心肌梗死	精确匹配	100.0
恶病质	63	R64  01	恶病质	精确匹配	100.0
骨恶性肿瘤	61	C41.901	骨恶性肿瘤	精确匹配	100.0
颈椎恶性肿瘤	59	C41.202	颈椎恶性肿瘤	精确匹配	100.0
原发性血小板减少症	58	D69.407	原发性血小板减少症	精确匹配	100.0
梗阻性黄疸	57	K82.002	梗阻性黄疸	精确匹配	100.0
肾占位性病变	55	D41.002	肾占位性病变	精确匹配	100.0
皮肤恶性肿瘤	54	C44.902	皮肤恶性肿瘤	精确匹配	100.0
上腔静脉综合征	53	I87.116	上腔静脉综合征	精确匹配	100.0
乳腺增生	52	N62  03	乳腺增生	精确匹配	100.0
脑膜继发恶性肿瘤	52	C79.303	脑膜继发恶性肿瘤	精确匹配	100.0
滤泡性淋巴瘤	51	C82.902	滤泡性淋巴瘤	精确匹配	100.0
肺源性心脏病	51	I27.901	肺源性心脏病	精确匹配	100.0
胃息肉	50	K31.701	胃息肉	精确匹配	100.0
食管炎	50	K20  06	食管炎	精确匹配	100.0
反流性食管炎	48	K21.001	反流性食管炎	精确匹配	100.0
纵隔恶性肿瘤	48	C38.301	纵隔恶性肿瘤	精确匹配	100.0
呼吸困难	47	R06.001	呼吸困难	精确匹配	100.0
胆管扩张	47	K82.801	胆管扩张	精确匹配	100.0
阑尾炎	47	K37  01	阑尾炎	精确匹配	100.0
支气管炎	46	J40  03	支气管炎	精确匹配	100.0
感染性发热	45	B99  02	感染性发热	精确匹配	100.0
筛窦炎	45	J32.203	筛窦炎	精确匹配	100.0
心功能Ⅲ级	44	I50.908	心功能Ⅲ级	精确匹配	100.0
胆囊占位性病变	44	K82.902	胆囊占位性病变	精确匹配	100.0
白内障	43	H26.901	白内障	精确匹配	100.0
腹腔淋巴结肿大	43	R59.003	腹腔淋巴结肿大	精确匹配	100.0
骨髓抑制	43	D61.901	骨髓抑制	精确匹配	100.0
脑占位性病变	42	R90.002	脑占位性病变	精确匹配	100.0
前列腺囊肿	41	N42.801	前列腺囊肿	精确匹配	100.0
腋窝淋巴结继发恶性肿瘤	41	C77.301	腋窝淋巴结继发恶性肿瘤	精确匹配	100.0
病理性骨折	40	M84.491	病理性骨折	精确匹配	100.0
精神分裂症	39	F20.901	精神分裂症	精确匹配	100.0
糜烂性胃炎	39	K29.603	糜烂性胃炎	精确匹配	100.0
乙状结肠恶性肿瘤	38	C18.701	乙状结肠恶性肿瘤	精确匹配	100.0
前列腺炎	38	N41.901	前列腺炎	精确匹配	100.0
高血糖	38	R73.901	高血糖	精确匹配	100.0
放射性肺炎	37	J70.001	放射性肺炎	精确匹配	100.0
脑出血后遗症	37	I69.101	脑出血后遗症	精确匹配	100.0
十二指肠恶性肿瘤	36	C17.001	十二指肠恶性肿瘤	精确匹配	100.0
静脉血栓形成	36	I82.902	静脉血栓形成	精确匹配	100.0
骨质破坏	36	M89.892	骨质破坏	精确匹配	100.0
肺水肿	35	J81  03	肺水肿	精确匹配	100.0
特发性血小板减少性紫癜	34	D69.303	特发性血小板减少性紫癜	精确匹配	100.0
颈部淋巴结继发恶性肿瘤	34	C77.002	颈部淋巴结继发恶性肿瘤	精确匹配	100.0
高脂血症	33	E78.501	高脂血症	精确匹配	100.0
上消化道出血	32	K92.204	上消化道出血	精确匹配	100.0
泌尿道感染	32	N39.001	泌尿道感染	精确匹配	100.0
皮肤感染	32	L08.907	皮肤感染	精确匹配	100.0
胃肠功能紊乱	32	K92.901	胃肠功能紊乱	精确匹配	100.0
间质性肺炎	31	J84.901	间质性肺炎	精确匹配	100.0
面神经炎	31	G51.802	面神经炎	精确匹配	100.0
房室传导阻滞	30	I44.302	房室传导阻滞	精确匹配	100.0
脑水肿	30	G93.601	脑水肿	精确匹配	100.0
食管肿物	30	K22.902	食管肿物	精确匹配	100.0
涎腺肿物	29	K11.903	涎腺肿物	精确匹配	100.0
脾囊肿	29	D73.401	脾囊肿	精确匹配	100.0
风湿性心脏病	29	I09.901	风湿性心脏病	精确匹配	100.0
白血病	28	C95.901	白血病	精确匹配	100.0
肾盂恶性肿瘤	28	C65  01	肾盂恶性肿瘤	精确匹配	100.0
胃溃疡	28	K25.903	胃溃疡	精确匹配	100.0
颅内占位性病变	28	R90.001	颅内占位性病变	精确匹配	100.0
鼻窦炎	28	J32.907	鼻窦炎	精确匹配	100.0
肺结核	27	A16.202	肺结核	精确匹配	100.0
过敏性紫癜	27	D69.004	过敏性紫癜	精确匹配	100.0
急性肝衰竭	26	K72.002	急性肝衰竭	精确匹配	100.0
纵隔继发恶性肿瘤	26	C78.101	纵隔继发恶性肿瘤	精确匹配	100.0
肾上腺恶性肿瘤	26	C74.901	肾上腺恶性肿瘤	精确匹配	100.0
胃占位性病变	26	K31.902	胃占位性病变	精确匹配	100.0
右束支传导阻滞	25	I45.103	右束支传导阻滞	精确匹配	100.0
结肠息肉	25	K63.501	结肠息肉	精确匹配	100.0
肠道感染	25	A04.901	肠道感染	精确匹配	100.0
锁骨上淋巴结继发恶性肿瘤	25	C77.004	锁骨上淋巴结继发恶性肿瘤	精确匹配	100.0
肺门淋巴结肿大	24	R59.007	肺门淋巴结肿大	精确匹配	100.0
脑动脉供血不足	24	I67.802	脑动脉供血不足	精确匹配	100.0
贫血性心脏病	24	I51.902	贫血性心脏病	精确匹配	100.0
食管气管瘘	24	J86.003	食管气管瘘	精确匹配	100.0
尿道炎	23	N34.202	尿道炎	精确匹配	100.0
心功能Ⅳ级	23	I50.910	心功能Ⅳ级	精确匹配	100.0
腰椎骨折	23	S32.001	腰椎骨折	精确匹配	100.0
子宫继发恶性肿瘤	22	C79.830	子宫继发恶性肿瘤	精确匹配	100.0
肝硬化失代偿期	22	K72.905	肝硬化失代偿期	精确匹配	100.0
肝细胞癌	22	C22.001	肝细胞癌	精确匹配	100.0
心绞痛	21	I20.902	心绞痛	精确匹配	100.0
牙龈出血	21	K06.802	牙龈出血	精确匹配	100.0
肝胆管扩张	21	K83.807	肝胆管扩张	精确匹配	100.0
乳突炎	20	H70.902	乳突炎	精确匹配	100.0
低血压	20	I95.901	低血压	精确匹配	100.0
卵巢囊肿	20	N83.203	卵巢囊肿	精确匹配	100.0
上颌窦囊肿	19	J34.107	上颌窦囊肿	精确匹配	100.0
低钙血症	19	E83.502	低钙血症	精确匹配	100.0
睾丸恶性肿瘤	19	C62.101	睾丸恶性肿瘤	精确匹配	100.0
高钾血症	19	E87.501	高钾血症	精确匹配	100.0
关节炎	18	M13.991	关节炎	精确匹配	100.0
心肌梗死	18	I21.902	心肌梗死	精确匹配	100.0
结肠继发恶性肿瘤	18	C78.502	结肠继发恶性肿瘤	精确匹配	100.0
肠炎	18	K52.901	肠炎	精确匹配	100.0
胆囊息肉	18	K82.808	胆囊息肉	精确匹配	100.0
腹腔感染	18	K65.903	腹腔感染	精确匹配	100.0
膀胱继发恶性肿瘤	18	C79.101	膀胱继发恶性肿瘤	精确匹配	100.0
中耳炎	17	H66.905	中耳炎	精确匹配	100.0
反流性胃炎	17	K29.701	反流性胃炎	精确匹配	100.0
左束支传导阻滞	17	I44.701	左束支传导阻滞	精确匹配	100.0
心功能Ⅱ级	17	I50.907	心功能Ⅱ级	精确匹配	100.0
支原体感染	17	A49.301	支原体感染	精确匹配	100.0
肝肾功能衰竭	17	K76.701	肝肾功能衰竭	精确匹配	100.0
胸椎骨折	17	S22.001	胸椎骨折	精确匹配	100.0
腹股沟疝	17	K40.902	腹股沟疝	精确匹配	100.0
下肢恶性肿瘤	16	C76.501	下肢恶性肿瘤	精确匹配	100.0
慢性前列腺炎	16	N41.101	慢性前列腺炎	精确匹配	100.0
胰腺继发恶性肿瘤	16	C78.809	胰腺继发恶性肿瘤	精确匹配	100.0
衣原体感染	16	A74.901	衣原体感染	精确匹配	100.0
高尿酸血症	16	E79.001	高尿酸血症	精确匹配	100.0
不完全性肠梗阻	15	K56.701	不完全性肠梗阻	精确匹配	100.0
休克	15	R57.901	休克	精确匹配	100.0
口腔感染	15	K12.103	口腔感染	精确匹配	100.0
放射性肠炎	15	K52.001	放射性肠炎	精确匹配	100.0
胰管扩张	15	K86.806	胰管扩张	精确匹配	100.0
胸腺恶性肿瘤	15	C37  02	胸腺恶性肿瘤	精确匹配	100.0
腹腔淋巴结继发恶性肿瘤	15	C77.204	腹腔淋巴结继发恶性肿瘤	精确匹配	100.0
血小板减少性紫癜	15	D69.405	血小板减少性紫癜	精确匹配	100.0
血小板增多	15	D75.201	血小板增多	精确匹配	100.0
咯血	14	R04.201	咯血	精确匹配	100.0
慢性胆囊炎	14	K81.101	慢性胆囊炎	精确匹配	100.0
支气管哮喘	14	J45.903	支气管哮喘	精确匹配	100.0
眩晕	14	R42  01	眩晕	精确匹配	100.0
眼恶性肿瘤	14	C69.901	眼恶性肿瘤	精确匹配	100.0
系统性红斑狼疮	14	M32.901	系统性红斑狼疮	精确匹配	100.0
脂肪瘤	14	D17.302	脂肪瘤	精确匹配	100.0
锁骨骨折	14	S42.001	锁骨骨折	精确匹配	100.0
低氯血症	13	E87.801	低氯血症	精确匹配	100.0
免疫球蛋白缺乏	13	D80.901	免疫球蛋白缺乏	精确匹配	100.0
十二指肠溃疡	13	K26.901	十二指肠溃疡	精确匹配	100.0
慢性结肠炎	13	K52.913	慢性结肠炎	精确匹配	100.0
截瘫	13	G82.205	截瘫	精确匹配	100.0
症状性癫痫	13	G40.804	症状性癫痫	精确匹配	100.0
肺脓肿	13	J85.201	肺脓肿	精确匹配	100.0
血栓性静脉炎	13	I80.902	血栓性静脉炎	精确匹配	100.0
阴道继发恶性肿瘤	13	C79.827	阴道继发恶性肿瘤	精确匹配	100.0
下腔静脉血栓形成	12	I82.203	下腔静脉血栓形成	精确匹配	100.0
下颌骨恶性肿瘤	12	C41.101	下颌骨恶性肿瘤	精确匹配	100.0
乳头炎	12	N61  04	乳头炎	精确匹配	100.0
多囊肾	12	Q61.301	多囊肾	精确匹配	100.0
牙龈恶性肿瘤	12	C03.902	牙龈恶性肿瘤	精确匹配	100.0
病毒性肺炎	12	J12.901	病毒性肺炎	精确匹配	100.0
白细胞增多症	12	D72.801	白细胞增多症	精确匹配	100.0
纵隔淋巴结继发恶性肿瘤	12	C77.103	纵隔淋巴结继发恶性肿瘤	精确匹配	100.0
胆石症	12	K80.205	胆石症	精确匹配	100.0
输尿管继发恶性肿瘤	12	C79.104	输尿管继发恶性肿瘤	精确匹配	100.0
颊部恶性肿瘤	12	C76.004	颊部恶性肿瘤	精确匹配	100.0
风湿性关节炎	12	I00  03	风湿性关节炎	精确匹配	100.0
前庭大腺囊肿	11	N75.001	前庭大腺囊肿	精确匹配	100.0
小肠恶性肿瘤	11	C17.901	小肠恶性肿瘤	精确匹配	100.0
急性胰腺炎	11	K85  07	急性胰腺炎	精确匹配	100.0
结缔组织病	11	M35.901	结缔组织病	精确匹配	100.0
腮腺肿瘤	11	C07  03	腮腺肿瘤	精确匹配	100.0
腹泻	11	K52.904	腹泻	精确匹配	100.0
腹膜后恶性肿瘤	11	C48.001	腹膜后恶性肿瘤	精确匹配	100.0
营养不良	11	E46  03	营养不良	精确匹配	100.0
卵巢肿瘤	10	C56  10	卵巢肿瘤	精确匹配	100.0
子宫内膜样腺癌	10	M83800/3	子宫内膜样腺癌	精确匹配	100.0
支气管肺炎	10	J18.008	支气管肺炎	精确匹配	100.0
盆腔恶性肿瘤	10	C76.304	盆腔恶性肿瘤	精确匹配	100.0
股骨颈骨折	10	S72.002	股骨颈骨折	精确匹配	100.0
胃下垂	10	K31.821	胃下垂	精确匹配	100.0
输尿管扩张	10	N28.808	输尿管扩张	精确匹配	100.0
阴茎恶性肿瘤	10	C60.901	阴茎恶性肿瘤	精确匹配	100.0
小脑萎缩	9	G31.910	小脑萎缩	精确匹配	100.0
平滑肌肉瘤	9	M88900/3	平滑肌肉瘤	精确匹配	100.0
昏迷	9	R40.201	昏迷	精确匹配	100.0
束支传导阻滞	9	I45.402	束支传导阻滞	精确匹配	100.0
股骨头缺血性坏死	9	M87.951	股骨头缺血性坏死	精确匹配	100.0
股骨骨折	9	S72.901	股骨骨折	精确匹配	100.0
腮腺恶性肿瘤	9	C07  01	腮腺恶性肿瘤	精确匹配	100.0
荨麻疹	9	L50.901	荨麻疹	精确匹配	100.0
软组织感染	9	L08.920	软组织感染	精确匹配	100.0
上颌骨恶性肿瘤	8	C41.003	上颌骨恶性肿瘤	精确匹配	100.0
十二指肠球炎	8	K29.801	十二指肠球炎	精确匹配	100.0
头痛	8	R51  01	头痛	精确匹配	100.0
急性胃肠炎	8	K52.908	急性胃肠炎	精确匹配	100.0
液气胸	8	J94.809	液气胸	精确匹配	100.0
直肠炎	8	K62.815	直肠炎	精确匹配	100.0
直肠继发恶性肿瘤	8	C78.505	直肠继发恶性肿瘤	精确匹配	100.0
肝门淋巴结继发恶性肿瘤	8	C77.205	肝门淋巴结继发恶性肿瘤	精确匹配	100.0
肠系膜继发恶性肿瘤	8	C78.601	肠系膜继发恶性肿瘤	精确匹配	100.0
肾静脉栓塞	8	I82.301	肾静脉栓塞	精确匹配	100.0
脑血管病	8	I67.903	脑血管病	精确匹配	100.0
腹膜后淋巴结肿大	8	R59.005	腹膜后淋巴结肿大	精确匹配	100.0
萎缩性胃炎	8	K29.402	萎缩性胃炎	精确匹配	100.0
颅内恶性肿瘤	8	C71.902	颅内恶性肿瘤	精确匹配	100.0
喉原位癌	7	D02.001	喉原位癌	精确匹配	100.0
地中海贫血	7	D56.901	地中海贫血	精确匹配	100.0
循环衰竭	7	I50.913	循环衰竭	精确匹配	100.0
感染性休克	7	R57.801	感染性休克	精确匹配	100.0
甲周炎	7	L03.003	甲周炎	精确匹配	100.0
直肠息肉	7	K62.101	直肠息肉	精确匹配	100.0
肛周脓肿	7	K61.002	肛周脓肿	精确匹配	100.0
肛瘘	7	K60.301	肛瘘	精确匹配	100.0
肝大	7	R16.001	肝大	精确匹配	100.0
肝细胞性黄疸	7	K76.812	肝细胞性黄疸	精确匹配	100.0
肝脓肿	7	K75.001	肝脓肿	精确匹配	100.0
肺动脉高压	7	I27.001	肺动脉高压	精确匹配	100.0
肺栓塞	7	I26.901	肺栓塞	精确匹配	100.0
肺门淋巴结继发恶性肿瘤	7	C77.101	肺门淋巴结继发恶性肿瘤	精确匹配	100.0
胆囊继发恶性肿瘤	7	C78.802	胆囊继发恶性肿瘤	精确匹配	100.0
自身免疫性肝炎	7	K75.809	自身免疫性肝炎	精确匹配	100.0
锁骨下静脉血栓形成	7	I82.808	锁骨下静脉血栓形成	精确匹配	100.0
阑尾恶性肿瘤	7	C18.101	阑尾恶性肿瘤	精确匹配	100.0
阵发性心房纤颤	7	I48  06	阵发性心房纤颤	精确匹配	100.0
骨质疏松	7	M81.991	骨质疏松	精确匹配	100.0
骨髓继发恶性肿瘤	7	C79.502	骨髓继发恶性肿瘤	精确匹配	100.0
下肢深静脉血栓形成	6	I80.205	下肢深静脉血栓形成	精确匹配	100.0
主动脉钙化	6	I70.002	主动脉钙化	精确匹配	100.0
传染性单核细胞增多症	6	B27.901	传染性单核细胞增多症	精确匹配	100.0
冠状动脉供血不足	6	I24.801	冠状动脉供血不足	精确匹配	100.0
副脾	6	Q89.002	副脾	精确匹配	100.0
套细胞淋巴瘤	6	C83.203	套细胞淋巴瘤	精确匹配	100.0
子宫平滑肌瘤	6	D25.902	子宫平滑肌瘤	精确匹配	100.0
心肌病	6	I42.905	心肌病	精确匹配	100.0
消化道穿孔	6	K27.503	消化道穿孔	精确匹配	100.0
淋巴结炎	6	I88.906	淋巴结炎	精确匹配	100.0
结节病	6	D86.901	结节病	精确匹配	100.0
肱骨骨折	6	S42.302	肱骨骨折	精确匹配	100.0
肾积水	6	N04.904	肾积水	精确匹配	100.0
胃窦恶性肿瘤	6	C16.301	胃窦恶性肿瘤	精确匹配	100.0
脑膜瘤	6	D32.902	脑膜瘤	精确匹配	100.0
脱髓鞘性脑病	6	G37.802	脱髓鞘性脑病	精确匹配	100.0
舌囊肿	6	K14.807	舌囊肿	精确匹配	100.0
蛛网膜囊肿	6	G93.001	蛛网膜囊肿	精确匹配	100.0
血尿	6	R31  01	血尿	精确匹配	100.0
血栓性微血管病	6	M31.102	血栓性微血管病	精确匹配	100.0
输卵管恶性肿瘤	6	C57.001	输卵管恶性肿瘤	精确匹配	100.0
过敏性皮炎	6	L23.901	过敏性皮炎	精确匹配	100.0
过敏性皮疹	6	R21  01	过敏性皮疹	精确匹配	100.0
阵发性房性心动过速	6	I47.111	阵发性房性心动过速	精确匹配	100.0
额窦炎	6	J32.101	额窦炎	精确匹配	100.0
下消化道出血	5	K92.207	下消化道出血	精确匹配	100.0
前列腺原位癌	5	D07.501	前列腺原位癌	精确匹配	100.0
口咽恶性肿瘤	5	C10.901	口咽恶性肿瘤	精确匹配	100.0
呼吸道感染	5	J98.802	呼吸道感染	精确匹配	100.0
咽炎	5	J02.909	咽炎	精确匹配	100.0
天疱疮	5	L10.901	天疱疮	精确匹配	100.0
应激性胃炎	5	K29.705	应激性胃炎	精确匹配	100.0
强直性脊柱炎	5	M45.991	强直性脊柱炎	精确匹配	100.0
急性牙周炎	5	K05.205	急性牙周炎	精确匹配	100.0
慢性肾功能不全	5	N18.905	慢性肾功能不全	精确匹配	100.0
梭形细胞癌	5	M80320/3	梭形细胞癌	精确匹配	100.0
槭糖尿病	5	E71.001	槭糖尿病	精确匹配	100.0
横纹肌肉瘤	5	M89000/3	横纹肌肉瘤	精确匹配	100.0
残胃恶性肿瘤	5	C16.901	残胃恶性肿瘤	精确匹配	100.0
气胸	5	J93.901	气胸	精确匹配	100.0
肠粘连	5	K66.002	肠粘连	精确匹配	100.0
胆囊腺肌症	5	K82.818	胆囊腺肌症	精确匹配	100.0
胸膜炎	5	R09.103	胸膜炎	精确匹配	100.0
脊髓继发恶性肿瘤	5	C79.301	脊髓继发恶性肿瘤	精确匹配	100.0
腰肌劳损	5	M54.561	腰肌劳损	精确匹配	100.0
药物性骨髓抑制	5	D75.808	药物性骨髓抑制	精确匹配	100.0
蝶窦囊肿	5	J34.104	蝶窦囊肿	精确匹配	100.0
阴道出血	5	N93.901	阴道出血	精确匹配	100.0
青光眼	5	H40.901	青光眼	精确匹配	100.0
食管憩室	5	K22.502	食管憩室	精确匹配	100.0
骨盆骨折	5	S32.801	骨盆骨折	精确匹配	100.0
上肢静脉血栓形成	4	I82.806	上肢静脉血栓形成	精确匹配	100.0
会厌恶性肿瘤	4	C32.101	会厌恶性肿瘤	精确匹配	100.0
会阴部恶性肿瘤	4	C49.503	会阴部恶性肿瘤	精确匹配	100.0
关节积液	4	M25.491	关节积液	精确匹配	100.0
卵巢继发恶性肿瘤	4	C79.602	卵巢继发恶性肿瘤	精确匹配	100.0
周围神经病	4	G62.904	周围神经病	精确匹配	100.0
外痔	4	I84.501	外痔	精确匹配	100.0
失眠	4	G47.001	失眠	精确匹配	100.0
室性自搏	4	I49.303	室性自搏	精确匹配	100.0
椎体继发恶性肿瘤	4	C79.508	椎体继发恶性肿瘤	精确匹配	100.0
椎管狭窄	4	M48.091	椎管狭窄	精确匹配	100.0
淋巴管炎	4	I89.101	淋巴管炎	精确匹配	100.0
瘫痪	4	G83.902	瘫痪	精确匹配	100.0
皮疹	4	R21  02	皮疹	精确匹配	100.0
皮肌炎	4	M33.101	皮肌炎	精确匹配	100.0
结核性胸膜炎	4	A16.504	结核性胸膜炎	精确匹配	100.0
结核性腹膜炎	4	A18.307+ K67.301*	结核性腹膜炎	精确匹配	100.0
维生素B12缺乏	4	E53.801	维生素B12缺乏	精确匹配	100.0
肝母细胞瘤	4	C22.201	肝母细胞瘤	精确匹配	100.0
肺空洞	4	J98.405	肺空洞	精确匹配	100.0
肾病综合征	4	N04.903	肾病综合征	精确匹配	100.0
肾静脉血栓形成	4	I82.302	肾静脉血栓形成	精确匹配	100.0
胆囊结石伴胆囊炎	4	K80.101	胆囊结石伴胆囊炎	精确匹配	100.0
胰头恶性肿瘤	4	C25.001	胰头恶性肿瘤	精确匹配	100.0
脾恶性肿瘤	4	C26.101	脾恶性肿瘤	精确匹配	100.0
腹膜炎	4	K65.902	腹膜炎	精确匹配	100.0
膀胱结石	4	N21.001	膀胱结石	精确匹配	100.0
膝关节痛	4	M25.561	膝关节痛	精确匹配	100.0
臀部恶性肿瘤	4	C76.306	臀部恶性肿瘤	精确匹配	100.0
艾滋病	4	B24  01	艾滋病	精确匹配	100.0
门静脉血栓形成	4	I81  02	门静脉血栓形成	精确匹配	100.0
阴道恶性肿瘤	4	C52  01	阴道恶性肿瘤	精确匹配	100.0
阴道瘘	4	N82.901	阴道瘘	精确匹配	100.0
鞘膜积液	4	N43.301	鞘膜积液	精确匹配	100.0
颈静脉血栓形成	4	I82.801	颈静脉血栓形成	精确匹配	100.0
高泌乳素血症	4	E22.101	高泌乳素血症	精确匹配	100.0
高钠血症	4	E87.001	高钠血症	精确匹配	100.0
下肢水肿	3	R60.002	下肢水肿	精确匹配	100.0
外阴恶性肿瘤	3	C51.901	外阴恶性肿瘤	精确匹配	100.0
室性心律失常	3	I49.903	室性心律失常	精确匹配	100.0
尿潴留	3	R33  01	尿潴留	精确匹配	100.0
心肌酶谱异常	3	R74.802	心肌酶谱异常	精确匹配	100.0
心脏瓣膜病	3	I38  01	心脏瓣膜病	精确匹配	100.0
急性肾功能不全	3	N17.903	急性肾功能不全	精确匹配	100.0
急性胃炎	3	K29.101	急性胃炎	精确匹配	100.0
感染	3	B99  01	感染	精确匹配	100.0
慢性肠炎	3	K52.911	慢性肠炎	精确匹配	100.0
慢性萎缩性胃炎	3	K29.401	慢性萎缩性胃炎	精确匹配	100.0
慢性阑尾炎	3	K36  02	慢性阑尾炎	精确匹配	100.0
支气管恶性肿瘤	3	C34.905	支气管恶性肿瘤	精确匹配	100.0
梅毒	3	A53.901	梅毒	精确匹配	100.0
混合性酸碱平衡失调	3	E87.401	混合性酸碱平衡失调	精确匹配	100.0
混合痔	3	I84.102	混合痔	精确匹配	100.0
滑膜肉瘤	3	M90400/3	滑膜肉瘤	精确匹配	100.0
特发性门脉高压	3	K76.603	特发性门脉高压	精确匹配	100.0
癔症	3	F44.902	癔症	精确匹配	100.0
睡眠障碍	3	G47.901	睡眠障碍	精确匹配	100.0
窦性停搏	3	I45.503	窦性停搏	精确匹配	100.0
糖尿病性周围神经病	3	E14.408+ G59.004*	糖尿病性周围神经病	精确匹配	100.0
糖尿病性肾病	3	E14.203+ N08.303*	糖尿病性肾病	精确匹配	100.0
继发性糖尿病	3	E13.902	继发性糖尿病	精确匹配	100.0
耻骨骨折	3	S32.501	耻骨骨折	精确匹配	100.0
肋间神经痛	3	G58.001	肋间神经痛	精确匹配	100.0
肩关节痛	3	M25.511	肩关节痛	精确匹配	100.0
肺部感染	3	J98.402	肺部感染	精确匹配	100.0
肾盂扩张	3	N28.820	肾盂扩张	精确匹配	100.0
胆管囊肿	3	K83.501	胆管囊肿	精确匹配	100.0
胆管结石	3	K80.502	胆管结石	精确匹配	100.0
胆道感染	3	K83.002	胆道感染	精确匹配	100.0
胫骨骨折	3	S82.203	胫骨骨折	精确匹配	100.0
脑疝	3	G93.505	脑疝	精确匹配	100.0
脑白质病	3	G93.406	脑白质病	精确匹配	100.0
腋下淋巴结肿大	3	R59.006	腋下淋巴结肿大	精确匹配	100.0
腹股沟斜疝	3	K40.903	腹股沟斜疝	精确匹配	100.0
膀胱炎	3	N30.901	膀胱炎	精确匹配	100.0
输尿管结石	3	N20.101	输尿管结石	精确匹配	100.0
重症肺炎	3	J18.904	重症肺炎	精确匹配	100.0
颈部继发性恶性肿瘤	3	C79.810	颈部继发性恶性肿瘤	精确匹配	100.0
骨软骨瘤病	3	D48.004	骨软骨瘤病	精确匹配	100.0
鼻息肉	3	J33.001	鼻息肉	精确匹配	100.0
上颌窦恶性肿瘤	2	C31.001	上颌窦恶性肿瘤	精确匹配	100.0
低血容量	2	E86  01	低血容量	精确匹配	100.0
低血糖性昏迷	2	E15  01	低血糖性昏迷	精确匹配	100.0
全身性疼痛	2	R52.901	全身性疼痛	精确匹配	100.0
全身炎症反应综合征	2	R65.901	全身炎症反应综合征	精确匹配	100.0
冠状动脉缺血	2	I25.901	冠状动脉缺血	精确匹配	100.0
十二指肠炎	2	K29.802	十二指肠炎	精确匹配	100.0
十二指肠继发恶性肿瘤	2	C78.401	十二指肠继发恶性肿瘤	精确匹配	100.0
卵巢冠恶性肿瘤	2	C57.101	卵巢冠恶性肿瘤	精确匹配	100.0
口底恶性肿瘤	2	C04.901	口底恶性肿瘤	精确匹配	100.0
呕血	2	K92.001	呕血	精确匹配	100.0
呼吸心跳骤停	2	I46.902	呼吸心跳骤停	精确匹配	100.0
嗅神经恶性肿瘤	2	C72.201	嗅神经恶性肿瘤	精确匹配	100.0
嗜酸性粒细胞白血病	2	M98800/3	嗜酸性粒细胞白血病	精确匹配	100.0
囊腺瘤	2	M84400/0	囊腺瘤	精确匹配	100.0
坠积性肺炎	2	J18.201	坠积性肺炎	精确匹配	100.0
声带麻痹	2	J38.004	声带麻痹	精确匹配	100.0
子宫息肉	2	N84.002	子宫息肉	精确匹配	100.0
室上性心动过速	2	I47.109	室上性心动过速	精确匹配	100.0
尖锐湿疣	2	A63.001	尖锐湿疣	精确匹配	100.0
幽门梗阻	2	K31.102	幽门梗阻	精确匹配	100.0
急性化脓性胆囊炎	2	K81.005	急性化脓性胆囊炎	精确匹配	100.0
急性咽喉炎	2	J06.001	急性咽喉炎	精确匹配	100.0
急性心肌梗死	2	I21.304	急性心肌梗死	精确匹配	100.0
急性肠炎	2	K52.905	急性肠炎	精确匹配	100.0
急性脊髓灰质炎	2	A80.901	急性脊髓灰质炎	精确匹配	100.0
急性脑血管病	2	I67.801	急性脑血管病	精确匹配	100.0
恶性贫血	2	D51.001	恶性贫血	精确匹配	100.0
感染性腹泻	2	A04.903	感染性腹泻	精确匹配	100.0
慢性咽炎	2	J31.203	慢性咽炎	精确匹配	100.0
慢性硬膜下血肿	2	I62.002	慢性硬膜下血肿	精确匹配	100.0
慢性肝炎	2	K73.901	慢性肝炎	精确匹配	100.0
慢性胆囊炎急性发作	2	K81.007	慢性胆囊炎急性发作	精确匹配	100.0
慢性胰腺炎	2	K86.102	慢性胰腺炎	精确匹配	100.0
慢性鼻炎	2	J31.004	慢性鼻炎	精确匹配	100.0
慢性鼻窦炎	2	J32.902	慢性鼻窦炎	精确匹配	100.0
抽搐	2	F95.901	抽搐	精确匹配	100.0
支气管瘘	2	J86.008	支气管瘘	精确匹配	100.0
支气管继发恶性肿瘤	2	C78.002	支气管继发恶性肿瘤	精确匹配	100.0
放射性直肠炎	2	K62.701	放射性直肠炎	精确匹配	100.0
月经过多	2	N92.001	月经过多	精确匹配	100.0
桡骨远端骨折	2	S52.503	桡骨远端骨折	精确匹配	100.0
残胃炎	2	K91.802	残胃炎	精确匹配	100.0
浆细胞性乳腺炎	2	N61  02	浆细胞性乳腺炎	精确匹配	100.0
消瘦	2	E41  01	消瘦	精确匹配	100.0
湿疹	2	L30.902	湿疹	精确匹配	100.0
溃疡性结肠炎	2	K51.902	溃疡性结肠炎	精确匹配	100.0
牙龈瘤	2	K06.804	牙龈瘤	精确匹配	100.0
牙龈脓肿	2	K05.203	牙龈脓肿	精确匹配	100.0
甲状腺囊肿	2	E04.101	甲状腺囊肿	精确匹配	100.0
白癜风	2	L80  01	白癜风	精确匹配	100.0
皮肤继发恶性肿瘤	2	C79.203	皮肤继发恶性肿瘤	精确匹配	100.0
直肠乙状结肠连接处恶性肿瘤	2	C19  01	直肠乙状结肠连接处恶性肿瘤	精确匹配	100.0
直肠肿物	2	K62.902	直肠肿物	精确匹配	100.0
直肠阴道瘘	2	N82.302	直肠阴道瘘	精确匹配	100.0
眼底出血	2	H35.603	眼底出血	精确匹配	100.0
神经纤维瘤	2	M95400/0	神经纤维瘤	精确匹配	100.0
管状腺瘤	2	M82110/0	管状腺瘤	精确匹配	100.0
精神障碍	2	F99  01	精神障碍	精确匹配	100.0
结肠黑变病	2	K63.806	结肠黑变病	精确匹配	100.0
结膜出血	2	H11.301	结膜出血	精确匹配	100.0
继发性高血压	2	I15.901	继发性高血压	精确匹配	100.0
肝功能异常	2	R94.501	肝功能异常	精确匹配	100.0
肝肾综合征	2	K76.702	肝肾综合征	精确匹配	100.0
肝脾大	2	R16.201	肝脾大	精确匹配	100.0
肠道菌群失调	2	K59.801	肠道菌群失调	精确匹配	100.0
股骨头骨折	2	S72.001	股骨头骨折	精确匹配	100.0
股骨干骨折	2	S72.301	股骨干骨折	精确匹配	100.0
肱骨干骨折	2	S42.301	肱骨干骨折	精确匹配	100.0
肺动脉栓塞	2	I26.903	肺动脉栓塞	精确匹配	100.0
肾上腺增生	2	E27.805	肾上腺增生	精确匹配	100.0
肾上腺皮质腺瘤	2	D35.002	肾上腺皮质腺瘤	精确匹配	100.0
胃潴留	2	K31.826	胃潴留	精确匹配	100.0
胆总管恶性肿瘤	2	C24.004	胆总管恶性肿瘤	精确匹配	100.0
胆总管结石	2	K80.506	胆总管结石	精确匹配	100.0
胆汁反流	2	K83.809	胆汁反流	精确匹配	100.0
胆管出血	2	K83.803	胆管出血	精确匹配	100.0
胰尾恶性肿瘤	2	C25.201	胰尾恶性肿瘤	精确匹配	100.0
胰腺囊肿	2	K86.201	胰腺囊肿	精确匹配	100.0
胸腔占位性病变	2	J98.901	胸腔占位性病变	精确匹配	100.0
脉络丛恶性肿瘤	2	C71.502	脉络丛恶性肿瘤	精确匹配	100.0
脊髓受压	2	G95.201	脊髓受压	精确匹配	100.0
脊髓损伤	2	T09.302	脊髓损伤	精确匹配	100.0
腋窝恶性肿瘤	2	C76.104	腋窝恶性肿瘤	精确匹配	100.0
腹股沟恶性肿瘤	2	C76.305	腹股沟恶性肿瘤	精确匹配	100.0
腹股沟淋巴结继发恶性肿瘤	2	C77.401	腹股沟淋巴结继发恶性肿瘤	精确匹配	100.0
膈膨升	2	J98.601	膈膨升	精确匹配	100.0
自身免疫性溶血性贫血	2	D59.102	自身免疫性溶血性贫血	精确匹配	100.0
菌血症	2	A49.901	菌血症	精确匹配	100.0
营养性贫血	2	D53.901	营养性贫血	精确匹配	100.0
贲门梗阻	2	K22.201	贲门梗阻	精确匹配	100.0
转移性肿瘤	2	M80000/6	转移性肿瘤	精确匹配	100.0
输尿管狭窄	2	N13.503	输尿管狭窄	精确匹配	100.0
运动障碍	2	G24.902	运动障碍	精确匹配	100.0
酒精性肝硬化	2	K70.301	酒精性肝硬化	精确匹配	100.0
阴茎原位癌	2	D07.401	阴茎原位癌	精确匹配	100.0
阴茎肿物	2	N48.902	阴茎肿物	精确匹配	100.0
阴道炎	2	N76.001	阴道炎	精确匹配	100.0
静脉曲张	2	I83.903	静脉曲张	精确匹配	100.0
颅咽管瘤	2	D44.402	颅咽管瘤	精确匹配	100.0
颌下腺恶性肿瘤	2	C08.001	颌下腺恶性肿瘤	精确匹配	100.0
食管梗阻	2	K22.204	食管梗阻	精确匹配	100.0
食管狭窄	2	K22.206	食管狭窄	精确匹配	100.0
食管瘘	2	K22.806	食管瘘	精确匹配	100.0
骨髓坏死	2	D75.801	骨髓坏死	精确匹配	100.0
高胆固醇血症	2	E78.001	高胆固醇血症	精确匹配	100.0
三叉神经炎	1	G50.802	三叉神经炎	精确匹配	100.0
三叉神经痛	1	G50.002	三叉神经痛	精确匹配	100.0
上肢恶性肿瘤	1	C76.401	上肢恶性肿瘤	精确匹配	100.0
下肢动脉血栓形成	1	I74.306	下肢动脉血栓形成	精确匹配	100.0
乳腺炎	1	N61  07	乳腺炎	精确匹配	100.0
先天性多发性骨软骨瘤	1	Q78.402	先天性多发性骨软骨瘤	精确匹配	100.0
先天性子宫缺失	1	Q51.001	先天性子宫缺失	精确匹配	100.0
创伤性失明	1	S05.901	创伤性失明	精确匹配	100.0
副乳腺腺病	1	Q83.102	副乳腺腺病	精确匹配	100.0
功能性腹泻	1	K59.101	功能性腹泻	精确匹配	100.0
动脉瘤	1	I72.901	动脉瘤	精确匹配	100.0
卵巢脓肿	1	N70.901	卵巢脓肿	精确匹配	100.0
卵巢黄体破裂	1	N83.102	卵巢黄体破裂	精确匹配	100.0
坐骨骨折	1	S32.802	坐骨骨折	精确匹配	100.0
头部痈	1	L02.804	头部痈	精确匹配	100.0
妊娠合并高血压	1	O10.901	妊娠合并高血压	精确匹配	100.0
子宫内膜原位癌	1	D07.001	子宫内膜原位癌	精确匹配	100.0
子宫内膜息肉	1	N84.001	子宫内膜息肉	精确匹配	100.0
子宫内膜样腺瘤	1	D27  08	子宫内膜样腺瘤	精确匹配	100.0
小细胞癌	1	M80410/3	小细胞癌	精确匹配	100.0
少尿	1	R34  02	少尿	精确匹配	100.0
应激性溃疡	1	K27.905	应激性溃疡	精确匹配	100.0
应激性溃疡伴出血	1	K27.403	应激性溃疡伴出血	精确匹配	100.0
心源性休克	1	R57.001	心源性休克	精确匹配	100.0
心脏术后	1	I97.912	心脏术后	精确匹配	100.0
心脏继发恶性肿瘤	1	C79.822	心脏继发恶性肿瘤	精确匹配	100.0
急性前列腺炎	1	N41.001	急性前列腺炎	精确匹配	100.0
急性化脓性中耳炎	1	H66.001	急性化脓性中耳炎	精确匹配	100.0
急性化脓性阑尾炎	1	K35.101	急性化脓性阑尾炎	精确匹配	100.0
急性支气管炎	1	J20.904	急性支气管炎	精确匹配	100.0
急性淋巴结炎	1	L04.904	急性淋巴结炎	精确匹配	100.0
急性糜烂性胃炎	1	K25.902	急性糜烂性胃炎	精确匹配	100.0
慢性中耳炎	1	H66.903	慢性中耳炎	精确匹配	100.0
慢性再生障碍性贫血	1	D61.903	慢性再生障碍性贫血	精确匹配	100.0
慢性失血性贫血	1	D50.001	慢性失血性贫血	精确匹配	100.0
慢性牙周炎	1	K05.302	慢性牙周炎	精确匹配	100.0
慢性肾炎	1	N03.903	慢性肾炎	精确匹配	100.0
扁桃体恶性肿瘤	1	C09.901	扁桃体恶性肿瘤	精确匹配	100.0
新生儿幽门痉挛	1	Q40.002	新生儿幽门痉挛	精确匹配	100.0
椎管内占位性病变	1	G95.903	椎管内占位性病变	精确匹配	100.0
残胃出血	1	K92.202	残胃出血	精确匹配	100.0
毛囊炎	1	L73.901	毛囊炎	精确匹配	100.0
气管狭窄	1	J39.810	气管狭窄	精确匹配	100.0
气管继发恶性肿瘤	1	C78.302	气管继发恶性肿瘤	精确匹配	100.0
流行性感冒	1	J11.101	流行性感冒	精确匹配	100.0
浸润型肺结核	1	A16.208	浸润型肺结核	精确匹配	100.0
消化不良	1	K30  02	消化不良	精确匹配	100.0
淋巴回流障碍	1	I89.804	淋巴回流障碍	精确匹配	100.0
淋巴肉瘤	1	C85.010	淋巴肉瘤	精确匹配	100.0
滑膜炎	1	M65.991	滑膜炎	精确匹配	100.0
甲状腺良性肿瘤	1	D34  02	甲状腺良性肿瘤	精确匹配	100.0
甲癣	1	B35.101	甲癣	精确匹配	100.0
畸胎瘤	1	M90800/1	畸胎瘤	精确匹配	100.0
病毒感染	1	B34.901	病毒感染	精确匹配	100.0
痛风	1	M10.991	痛风	精确匹配	100.0
皮肤感染性窦道	1	L08.803	皮肤感染性窦道	精确匹配	100.0
直肠膀胱阴道瘘	1	N82.301	直肠膀胱阴道瘘	精确匹配	100.0
眼睑水肿	1	H02.804	眼睑水肿	精确匹配	100.0
睾丸炎	1	N45.902	睾丸炎	精确匹配	100.0
神经痛	1	M79.291	神经痛	精确匹配	100.0
神经胶质瘤	1	M95050/1	神经胶质瘤	精确匹配	100.0
神经节细胞瘤	1	M94900/0	神经节细胞瘤	精确匹配	100.0
紫癜	1	D69.204	紫癜	精确匹配	100.0
细菌性阴道炎	1	N76.003	细菌性阴道炎	精确匹配	100.0
结缔组织恶性肿瘤	1	C49.902	结缔组织恶性肿瘤	精确匹配	100.0
结肠积气	1	K63.801	结肠积气	精确匹配	100.0
结膜炎	1	H10.901	结膜炎	精确匹配	100.0
继发性血小板增多症	1	D75.807	继发性血小板增多症	精确匹配	100.0
耳聋	1	H91.901	耳聋	精确匹配	100.0
耳鸣	1	H93.101	耳鸣	精确匹配	100.0
聋哑症	1	H91.301	聋哑症	精确匹配	100.0
肋骨恶性肿瘤	1	C41.301	肋骨恶性肿瘤	精确匹配	100.0
肌张力障碍	1	G24.903	肌张力障碍	精确匹配	100.0
肝外胆管恶性肿瘤	1	C24.005	肝外胆管恶性肿瘤	精确匹配	100.0
肝性胸水	1	K76.819	肝性胸水	精确匹配	100.0
肠坏死	1	K55.002	肠坏死	精确匹配	100.0
肠破裂	1	K63.102	肠破裂	精确匹配	100.0
肠系膜动脉栓塞伴肠坏死	1	K55.004	肠系膜动脉栓塞伴肠坏死	精确匹配	100.0
股静脉血栓形成	1	I80.101	股静脉血栓形成	精确匹配	100.0
肩胛骨恶性肿瘤	1	C40.002	肩胛骨恶性肿瘤	精确匹配	100.0
肾上腺囊肿	1	E27.801	肾上腺囊肿	精确匹配	100.0
肾上腺炎	1	E27.804	肾上腺炎	精确匹配	100.0
肾上腺皮质癌	1	C74.001	肾上腺皮质癌	精确匹配	100.0
肾盂囊肿	1	N28.819	肾盂囊肿	精确匹配	100.0
胃肠吻合口狭窄	1	K91.819	胃肠吻合口狭窄	精确匹配	100.0
胃肠道继发恶性肿瘤	1	C78.806	胃肠道继发恶性肿瘤	精确匹配	100.0
胆囊肥大	1	K82.803	胆囊肥大	精确匹配	100.0
胆总管梗阻	1	K83.105	胆总管梗阻	精确匹配	100.0
胰源性腹泻	1	K52.803	胰源性腹泻	精确匹配	100.0
胰腺萎缩	1	K86.814	胰腺萎缩	精确匹配	100.0
胸闷	1	R06.003	胸闷	精确匹配	100.0
胸骨恶性肿瘤	1	C41.303	胸骨恶性肿瘤	精确匹配	100.0
脉络膜恶性肿瘤	1	C69.301	脉络膜恶性肿瘤	精确匹配	100.0
脐部感染	1	L08.913	脐部感染	精确匹配	100.0
脑坏死	1	I67.803	脑坏死	精确匹配	100.0
腰椎恶性肿瘤	1	C41.204	腰椎恶性肿瘤	精确匹配	100.0
腹股沟直疝	1	K40.904	腹股沟直疝	精确匹配	100.0
腹腔积血	1	K66.102	腹腔积血	精确匹配	100.0
腹膜恶性肿瘤	1	C48.201	腹膜恶性肿瘤	精确匹配	100.0
膀胱憩室	1	N32.301	膀胱憩室	精确匹配	100.0
膜性肾病	1	N05.201	膜性肾病	精确匹配	100.0
膝关节损伤	1	S83.602	膝关节损伤	精确匹配	100.0
自发性气胸	1	J93.101	自发性气胸	精确匹配	100.0
自发性腹膜炎	1	K65.810	自发性腹膜炎	精确匹配	100.0
药物性周围神经病	1	G62.002	药物性周围神经病	精确匹配	100.0
药物性肝炎	1	K71.601	药物性肝炎	精确匹配	100.0
药物性胃炎	1	K29.605	药物性胃炎	精确匹配	100.0
血性腹水	1	R18  03	血性腹水	精确匹配	100.0
贲门溃疡	1	K22.102	贲门溃疡	精确匹配	100.0
过敏性紫癜性肾炎	1	D69.005+ N08.201*	过敏性紫癜性肾炎	精确匹配	100.0
阴道前后壁脱垂	1	N81.802	阴道前后壁脱垂	精确匹配	100.0
阴道溃疡	1	N76.501	阴道溃疡	精确匹配	100.0
阵发性室性心动过速	1	I47.204	阵发性室性心动过速	精确匹配	100.0
面部软组织挫伤	1	S00.802	面部软组织挫伤	精确匹配	100.0
颈部淋巴结炎	1	I88.905	颈部淋巴结炎	精确匹配	100.0
颌下淋巴结继发恶性肿瘤	1	C77.001	颌下淋巴结继发恶性肿瘤	精确匹配	100.0
风湿病	1	M79.091	风湿病	精确匹配	100.0
食管原位癌	1	D00.101	食管原位癌	精确匹配	100.0
食管息肉	1	K22.808	食管息肉	精确匹配	100.0
食管继发恶性肿瘤	1	C78.805	食管继发恶性肿瘤	精确匹配	100.0
骨结核	1	A18.035+ M90.091*	骨结核	精确匹配	100.0
骨质增生	1	M89.391	骨质增生	精确匹配	100.0
骨软骨瘤	1	M92100/0	骨软骨瘤	精确匹配	100.0
骨髓抑制性贫血	1	D61.902	骨髓抑制性贫血	精确匹配	100.0
骨髓炎	1	M86.993	骨髓炎	精确匹配	100.0
骨髓纤维化	1	D47.101	骨髓纤维化	精确匹配	100.0
骶骨恶性肿瘤	1	C41.402	骶骨恶性肿瘤	精确匹配	100.0
骶骨骨折	1	S32.101	骶骨骨折	精确匹配	100.0
髋关节痛	1	M25.551	髋关节痛	精确匹配	100.0
鼻损伤	1	S09.901	鼻损伤	精确匹配	100.0
鼻骨骨折	1	S02.201	鼻骨骨折	精确匹配	100.0
